=== slices dense_random gaps_per_slice=3 seconds_each=40.0 ===
incumbent distance_sum=48 sum_ceil_L/2=24
slice gaps[0,3) gates=4 incumbent_lb=0 budget=40s

Starting CP-SAT solver v9.15.6755
Parameters: max_time_in_seconds: 40 max_memory_in_mb: 4096 log_search_progress: true num_search_workers: 1 symmetry_level: 0 log_to_stdout: true

Initial optimization model '': (model_fingerprint: 0x38570d498dfbfb7e)
#Variables: 146 (#ints: 3 in objective) (101 primary variables)
  - 56 in [0,19]
  - 42 in [0,20]
  - 6 in [0,280]
  - 42 in [0,399]
#kAllDiff: 4
#kElement: 42
#kLinear2: 6
#kLinear3: 42
#kLinearN: 3 (#terms: 45)
#kTable: 4

Starting presolve at 0.00s
The solution hint is incomplete: 56 out of 146 non fixed variables hinted.
  7.18e-05s  0.00e+00d  [DetectDominanceRelations] 
  7.07e-03s  0.00e+00d  [operations_research::sat::CpModelPresolver::PresolveToFixPoint] #num_loops=3 #num_dual_strengthening=1 
  8.60e-06s  0.00e+00d  [operations_research::sat::CpModelPresolver::ExtractEncodingFromLinear] 
[SAT presolve] num removable Booleans: 0 / 18'340
[SAT presolve] num trivial clauses: 0
[SAT presolve] [0s] clauses:160 literals:528 vars:160 one_side_vars:0 simple_definition:160 singleton_clauses:0
[SAT presolve] [9.31e-05s] clauses:160 literals:528 vars:160 one_side_vars:0 simple_definition:160 singleton_clauses:0
[SAT presolve] [0.0007836s] clauses:160 literals:528 vars:160 one_side_vars:0 simple_definition:160 singleton_clauses:0
  1.90e-03s  0.00e+00d  [operations_research::sat::CpModelPresolver::DetectDuplicateConstraintsWithDifferentEnforcements] 
  2.90e-01s  1.00e+00d *[operations_research::sat::CpModelPresolver::Probe] #probed=8'980 #new_bounds=1 #new_binary_clauses=119'033 
  3.81e-03s  1.52e-02d  [MaxClique] 
  4.47e-03s  0.00e+00d  [DetectDominanceRelations] 
  1.62e-01s  0.00e+00d  [operations_research::sat::CpModelPresolver::PresolveToFixPoint] #num_loops=2 #num_dual_strengthening=1 
  2.63e-03s  0.00e+00d  [operations_research::sat::CpModelPresolver::ProcessAtMostOneAndLinear] 
  1.92e-03s  0.00e+00d  [operations_research::sat::CpModelPresolver::DetectDuplicateConstraints] #duplicates=3 
  1.49e-03s  0.00e+00d  [operations_research::sat::CpModelPresolver::DetectDuplicateConstraintsWithDifferentEnforcements] 
  3.81e-04s  5.34e-07d  [operations_research::sat::CpModelPresolver::DetectDominatedLinearConstraints] #relevant_constraints=48 
  2.64e-04s  0.00e+00d  [operations_research::sat::CpModelPresolver::DetectDifferentVariables] 
  1.90e-03s  5.70e-05d  [operations_research::sat::CpModelPresolver::ProcessSetPPC] #relevant_constraints=660 #num_inclusions=16 
  2.99e-03s  8.06e-06d  [operations_research::sat::CpModelPresolver::TransformClausesToExactlyOne] #num_amos=96 #num_clauses=144 #num_checked=144 
  1.92e-02s  0.00e+00d  [operations_research::sat::CpModelPresolver::DetectEncodedComplexDomains] 
  6.75e-04s  0.00e+00d  [operations_research::sat::CpModelPresolver::FindAlmostIdenticalLinearConstraints] 
  3.09e-02s  2.39e-02d  [operations_research::sat::CpModelPresolver::FindBigAtMostOneAndLinearOverlap] 
  1.87e-03s  4.67e-04d  [operations_research::sat::CpModelPresolver::FindBigVerticalLinearOverlap] 
  3.45e-04s  2.25e-07d  [operations_research::sat::CpModelPresolver::FindBigHorizontalLinearOverlap] #linears=3 
  5.48e-04s  2.48e-06d  [operations_research::sat::CpModelPresolver::MergeClauses] 
  5.23e-03s  0.00e+00d  [DetectDominanceRelations] 
  8.97e-02s  0.00e+00d  [operations_research::sat::CpModelPresolver::PresolveToFixPoint] #num_loops=1 #num_dual_strengthening=1 
  4.72e-03s  0.00e+00d  [DetectDominanceRelations] 
  8.85e-02s  0.00e+00d  [operations_research::sat::CpModelPresolver::PresolveToFixPoint] #num_loops=1 #num_dual_strengthening=1 
[SAT presolve] num removable Booleans: 0 / 18'340
[SAT presolve] num trivial clauses: 0
[SAT presolve] [0s] clauses:160 literals:528 vars:160 one_side_vars:0 simple_definition:160 singleton_clauses:0
[SAT presolve] [6.04e-05s] clauses:160 literals:528 vars:160 one_side_vars:0 simple_definition:160 singleton_clauses:0
[SAT presolve] [0.0004879s] clauses:160 literals:528 vars:160 one_side_vars:0 simple_definition:160 singleton_clauses:0
  2.15e-03s  0.00e+00d  [operations_research::sat::CpModelPresolver::DetectDuplicateConstraintsWithDifferentEnforcements] 
  2.87e-01s  1.00e+00d *[operations_research::sat::CpModelPresolver::Probe] #probed=8'984 #new_binary_clauses=119'063 
  3.82e-03s  1.53e-02d  [MaxClique] 
  5.25e-03s  0.00e+00d  [DetectDominanceRelations] 
  8.57e-02s  0.00e+00d  [operations_research::sat::CpModelPresolver::PresolveToFixPoint] #num_loops=1 #num_dual_strengthening=1 
  2.39e-03s  0.00e+00d  [operations_research::sat::CpModelPresolver::ProcessAtMostOneAndLinear] 
  1.93e-03s  0.00e+00d  [operations_research::sat::CpModelPresolver::DetectDuplicateConstraints] 
  1.89e-03s  0.00e+00d  [operations_research::sat::CpModelPresolver::DetectDuplicateConstraintsWithDifferentEnforcements] 
  6.38e-04s  5.20e-07d  [operations_research::sat::CpModelPresolver::DetectDominatedLinearConstraints] #relevant_constraints=46 
  3.85e-04s  0.00e+00d  [operations_research::sat::CpModelPresolver::DetectDifferentVariables] 
  1.89e-03s  5.70e-05d  [operations_research::sat::CpModelPresolver::ProcessSetPPC] #relevant_constraints=660 #num_inclusions=16 
  1.80e-03s  8.06e-06d  [operations_research::sat::CpModelPresolver::TransformClausesToExactlyOne] #num_amos=96 #num_clauses=144 #num_checked=144 
  1.85e-02s  0.00e+00d  [operations_research::sat::CpModelPresolver::DetectEncodedComplexDomains] 
  7.25e-04s  0.00e+00d  [operations_research::sat::CpModelPresolver::FindAlmostIdenticalLinearConstraints] 
  2.90e-02s  2.39e-02d  [operations_research::sat::CpModelPresolver::FindBigAtMostOneAndLinearOverlap] 
  2.18e-03s  4.67e-04d  [operations_research::sat::CpModelPresolver::FindBigVerticalLinearOverlap] 
  7.12e-04s  2.25e-07d  [operations_research::sat::CpModelPresolver::FindBigHorizontalLinearOverlap] #linears=3 
  8.79e-04s  2.48e-06d  [operations_research::sat::CpModelPresolver::MergeClauses] 
  4.22e-03s  0.00e+00d  [DetectDominanceRelations] 
  7.99e-02s  0.00e+00d  [operations_research::sat::CpModelPresolver::PresolveToFixPoint] #num_loops=1 #num_dual_strengthening=1 
  4.60e-03s  0.00e+00d  [DetectDominanceRelations] 
  8.57e-02s  0.00e+00d  [operations_research::sat::CpModelPresolver::PresolveToFixPoint] #num_loops=1 #num_dual_strengthening=1 
[SAT presolve] num removable Booleans: 0 / 18'340
[SAT presolve] num trivial clauses: 0
[SAT presolve] [0s] clauses:160 literals:528 vars:160 one_side_vars:0 simple_definition:160 singleton_clauses:0
[SAT presolve] [7.71e-05s] clauses:160 literals:528 vars:160 one_side_vars:0 simple_definition:160 singleton_clauses:0
[SAT presolve] [0.0004525s] clauses:160 literals:528 vars:160 one_side_vars:0 simple_definition:160 singleton_clauses:0
  1.98e-03s  0.00e+00d  [operations_research::sat::CpModelPresolver::DetectDuplicateConstraintsWithDifferentEnforcements] 
  2.85e-01s  1.00e+00d *[operations_research::sat::CpModelPresolver::Probe] #probed=8'984 #new_binary_clauses=119'063 
  3.67e-03s  1.53e-02d  [MaxClique] 
  5.04e-03s  0.00e+00d  [DetectDominanceRelations] 
  9.00e-02s  0.00e+00d  [operations_research::sat::CpModelPresolver::PresolveToFixPoint] #num_loops=1 #num_dual_strengthening=1 
  2.58e-03s  0.00e+00d  [operations_research::sat::CpModelPresolver::ProcessAtMostOneAndLinear] 
  2.11e-03s  0.00e+00d  [operations_research::sat::CpModelPresolver::DetectDuplicateConstraints] 
  2.08e-03s  0.00e+00d  [operations_research::sat::CpModelPresolver::DetectDuplicateConstraintsWithDifferentEnforcements] 
  5.99e-04s  5.20e-07d  [operations_research::sat::CpModelPresolver::DetectDominatedLinearConstraints] #relevant_constraints=46 
  2.80e-04s  0.00e+00d  [operations_research::sat::CpModelPresolver::DetectDifferentVariables] 
  2.11e-03s  5.70e-05d  [operations_research::sat::CpModelPresolver::ProcessSetPPC] #relevant_constraints=660 #num_inclusions=16 
  2.08e-03s  8.06e-06d  [operations_research::sat::CpModelPresolver::TransformClausesToExactlyOne] #num_amos=96 #num_clauses=144 #num_checked=144 
  2.06e-02s  0.00e+00d  [operations_research::sat::CpModelPresolver::DetectEncodedComplexDomains] 
  8.54e-04s  0.00e+00d  [operations_research::sat::CpModelPresolver::FindAlmostIdenticalLinearConstraints] 
  3.11e-02s  2.39e-02d  [operations_research::sat::CpModelPresolver::FindBigAtMostOneAndLinearOverlap] 
  1.90e-03s  4.67e-04d  [operations_research::sat::CpModelPresolver::FindBigVerticalLinearOverlap] 
  3.60e-04s  2.25e-07d  [operations_research::sat::CpModelPresolver::FindBigHorizontalLinearOverlap] #linears=3 
  6.03e-04s  2.48e-06d  [operations_research::sat::CpModelPresolver::MergeClauses] 
  5.41e-03s  0.00e+00d  [DetectDominanceRelations] 
  8.60e-02s  0.00e+00d  [operations_research::sat::CpModelPresolver::PresolveToFixPoint] #num_loops=1 #num_dual_strengthening=1 
  3.15e-04s  0.00e+00d  [MergeNoOverlap] 
  1.99e-04s  0.00e+00d  [MergeNoOverlap2D] 
  1.54e-02s  0.00e+00d  [operations_research::sat::CpModelPresolver::ExpandObjective] #entries=900'998 #tight_variables=17'305 #tight_constraints=463 

Presolve summary:
  - 0 affine relations were detected.
  - rule 'TODO dual: only one blocking constraint?' was applied 27 times.
  - rule 'all_diff: expanded' was applied 4 times.
  - rule 'deductions: 36680 stored' was applied 1 time.
  - rule 'dual: make encoding equiv' was applied 7'680 times.
  - rule 'duplicate: merged rhs of linear constraint' was applied 3 times.
  - rule 'duplicate: removed constraint' was applied 3 times.
  - rule 'element: expanded value element' was applied 42 times.
  - rule 'element: reduce target domain' was applied 42 times.
  - rule 'linear: reduced variable domains' was applied 9 times.
  - rule 'linear: variable substitution 1' was applied 2 times.
  - rule 'new_bool: integer encoding' was applied 18'340 times.
  - rule 'presolve: 0 unused variables removed.' was applied 1 time.
  - rule 'presolve: iteration' was applied 3 times.
  - rule 'table: expanded positive constraint with two variables' was applied 4 times.
  - rule 'variables: add encoding constraint' was applied 18'340 times.

Presolved optimization model '': (model_fingerprint: 0x6cdf55173d0b4feb)
#Variables: 18'484 (#ints: 3 in objective) (18'021 primary variables)
  - 18'340 Booleans in [0,1]
  - 42 in [0,9]
  - 56 in [0,19]
  - 3 in [0,63]
  - 1 in [0,125]
  - 42 in [0,399]
#kAtMostOne: 80 (#literals: 1'120)
#kBoolAnd: 16 (#enforced: 16) (#literals: 32)
#kBoolOr: 144 (#literals: 496)
#kExactlyOne: 420 (#literals: 17'220)
#kLinear1: 36'680 (#enforced: 36'680)
#kLinear2: 1
#kLinear3: 42
#kLinearN: 3 (#terms: 45)

Preloading model.
#Bound   1.96s best:inf   next:[0,189]    initial_domain
The solution hint is incomplete: 1176 out of 18484 non fixed variables hinted.

Starting search at 1.96s with 1 workers.
1 full problem subsolver: [main]

[Encoding] 280 literals associated to VAR >= value, and 0 half-associations.
[Encoding] 18340 literals associated to VAR == value, and 0 half-associations.
[Encoding] num_fully_encoded_variables:140
[Precedences] num_relations=0 num_clauses=18624
[Precedences] Added 1292 GreaterThanAtLeastOneOf() constraints.
[Probing] deterministic_time: 1.00005 (limit: 1) wall_time: 0.320115 (Aborted 4452/36260)
[Probing]  - new binary clause: 118'575
[EncodingLinearRelaxation] #tight_equality:0 #loose_equality:0 #inequality:140
[LinearRelaxationBeforeCliqueExpansion] #linear:326 #at_most_ones:500
[FinalLinearRelaxation] #linear:46 #cut_generators:0
Initial num_bool: 36260

Starting subsolver 'main' hint search at 2.62s
#1       2.62s best:0     next:[]         main [hint]
Starting subsolver 'main' search at 2.62s

Task timing           n [     min,      max]      avg      dev     time         n [     min,      max]      avg      dev    dtime
      'main':         1 [659.96ms, 659.96ms] 659.96ms   0.00ns 659.96ms         1 [   1.60s,    1.60s]    1.60s   0.00ns    1.60s

Search stats     Bools  Conflicts  Branches  Restarts  BacktrackToRoot  Backtrack  BoolPropag  IntegerPropag
       'main':  36'260          0     8'994         0            8'905      8'905   9'257'858        211'286

SAT formula    Fixed  Equiv   Total  VarLeft  BinaryClauses  PermanentClauses  TemporaryClauses
      'main':      0     12  36'260   36'248        166'100            18'624                 0

SAT stats    ClassicMinim  LitRemoved  LitRemovedBinary  LitLearned  LitForgotten  Subsumed
    'main':             0           0                 0           0             0         0

Vivification    Clauses  Decisions  LitTrue  Subsumed  LitRemoved  DecisionReused  Conflicts
       'main':        0          0        0         0           0               0          0

Clause deletion    at_true  l_and_not(l)  to_binary  sub_conflict  sub_extra  sub_decisions  sub_eager  sub_vivify  sub_probing  sub_inpro  blocked  eliminated  forgotten  promoted  conflicts
          'main':        0             0          0             0          0              0          0           0            0          0        0           0          0         0          0

Lp stats    Component  Iterations  AddedCuts  OPTIMAL  DUAL_F.  DUAL_U.
   'main':         17           0          0      211        0        0

Lp dimension    Final dimension of first component
       'main':        0 rows, 7 columns, 0 entries

Lp debug    CutPropag  CutEqPropag  Adjust  Overflow  Bad  BadScaling
   'main':          0            0       0         0    0           0

Lp pool    Constraints  Updates  Simplif  Merged  Shortened  Split  Strengthened  Cuts/Call
  'main':           46        0        0       0          0      0             0        0/0

Solutions (1)    Num   Rank
        'main':    2  [0,1]

Objective bounds     Num
  'initial_domain':    1

Solution repositories    Added  Queried  Synchro
    'alternative_path':      0        0        0
      'best_solutions':      1        0        1
   'fj solution hints':      0        0        0

LRAT_status: NA
CpSolverResponse summary:
status: OPTIMAL
objective: 0
best_bound: 0
integers: 145
booleans: 36260
conflicts: 0
branches: 8994
propagations: 9257858
integer_propagations: 211286
restarts: 0
lp_iterations: 0
walltime: 2.62728
usertime: 2.62728
deterministic_time: 4.71999
gap_integral: 0
solution_fingerprint: 0x6b2a63a7743d661

TAP status=OPTIMAL bound=0.0 obj=0.0 elapsed=2.6s
  slice swaps>=0 status=OPTIMAL obj=0.0
slice gaps[3,6) gates=4 incumbent_lb=1 budget=40s

Starting CP-SAT solver v9.15.6755
Parameters: max_time_in_seconds: 40 max_memory_in_mb: 4096 log_search_progress: true num_search_workers: 1 symmetry_level: 0 log_to_stdout: true

Initial optimization model '': (model_fingerprint: 0xad368e2e22c30f54)
#Variables: 146 (#ints: 3 in objective) (101 primary variables)
  - 56 in [0,19]
  - 42 in [0,20]
  - 6 in [0,280]
  - 42 in [0,399]
#kAllDiff: 4
#kElement: 42
#kLinear2: 6
#kLinear3: 42
#kLinearN: 3 (#terms: 45)
#kTable: 4

Starting presolve at 0.00s
The solution hint is incomplete: 56 out of 146 non fixed variables hinted.
  3.92e-05s  0.00e+00d  [DetectDominanceRelations] 
  7.94e-03s  0.00e+00d  [operations_research::sat::CpModelPresolver::PresolveToFixPoint] #num_loops=3 #num_dual_strengthening=1 
  3.70e-06s  0.00e+00d  [operations_research::sat::CpModelPresolver::ExtractEncodingFromLinear] 
[SAT presolve] num removable Booleans: 0 / 18'340
[SAT presolve] num trivial clauses: 0
[SAT presolve] [0s] clauses:160 literals:528 vars:160 one_side_vars:0 simple_definition:160 singleton_clauses:0
[SAT presolve] [8.22e-05s] clauses:160 literals:528 vars:160 one_side_vars:0 simple_definition:160 singleton_clauses:0
[SAT presolve] [0.0006554s] clauses:160 literals:528 vars:160 one_side_vars:0 simple_definition:160 singleton_clauses:0
  1.72e-03s  0.00e+00d  [operations_research::sat::CpModelPresolver::DetectDuplicateConstraintsWithDifferentEnforcements] 
  3.03e-01s  1.00e+00d *[operations_research::sat::CpModelPresolver::Probe] #probed=9'586 #new_binary_clauses=116'802 
  3.30e-03s  1.41e-02d  [MaxClique] 
  4.70e-03s  0.00e+00d  [DetectDominanceRelations] 
  1.79e-01s  0.00e+00d  [operations_research::sat::CpModelPresolver::PresolveToFixPoint] #num_loops=2 #num_dual_strengthening=1 
  2.66e-03s  0.00e+00d  [operations_research::sat::CpModelPresolver::ProcessAtMostOneAndLinear] 
  1.90e-03s  0.00e+00d  [operations_research::sat::CpModelPresolver::DetectDuplicateConstraints] #duplicates=3 
  1.57e-03s  0.00e+00d  [operations_research::sat::CpModelPresolver::DetectDuplicateConstraintsWithDifferentEnforcements] 
  3.50e-04s  5.34e-07d  [operations_research::sat::CpModelPresolver::DetectDominatedLinearConstraints] #relevant_constraints=48 
  2.63e-04s  0.00e+00d  [operations_research::sat::CpModelPresolver::DetectDifferentVariables] 
  2.11e-03s  5.70e-05d  [operations_research::sat::CpModelPresolver::ProcessSetPPC] #relevant_constraints=660 #num_inclusions=16 
  2.32e-03s  8.06e-06d  [operations_research::sat::CpModelPresolver::TransformClausesToExactlyOne] #num_amos=96 #num_clauses=144 #num_checked=144 
  1.91e-02s  0.00e+00d  [operations_research::sat::CpModelPresolver::DetectEncodedComplexDomains] 
  6.57e-04s  0.00e+00d  [operations_research::sat::CpModelPresolver::FindAlmostIdenticalLinearConstraints] 
  3.24e-02s  2.39e-02d  [operations_research::sat::CpModelPresolver::FindBigAtMostOneAndLinearOverlap] 
  1.79e-03s  4.67e-04d  [operations_research::sat::CpModelPresolver::FindBigVerticalLinearOverlap] 
  3.80e-04s  2.25e-07d  [operations_research::sat::CpModelPresolver::FindBigHorizontalLinearOverlap] #linears=3 
  9.11e-04s  2.48e-06d  [operations_research::sat::CpModelPresolver::MergeClauses] 
  5.69e-03s  0.00e+00d  [DetectDominanceRelations] 
  9.43e-02s  0.00e+00d  [operations_research::sat::CpModelPresolver::PresolveToFixPoint] #num_loops=1 #num_dual_strengthening=1 
  4.93e-03s  0.00e+00d  [DetectDominanceRelations] 
  9.93e-02s  0.00e+00d  [operations_research::sat::CpModelPresolver::PresolveToFixPoint] #num_loops=1 #num_dual_strengthening=1 
[SAT presolve] num removable Booleans: 0 / 18'340
[SAT presolve] num trivial clauses: 0
[SAT presolve] [0s] clauses:160 literals:528 vars:160 one_side_vars:0 simple_definition:160 singleton_clauses:0
[SAT presolve] [7.16e-05s] clauses:160 literals:528 vars:160 one_side_vars:0 simple_definition:160 singleton_clauses:0
[SAT presolve] [0.0004798s] clauses:160 literals:528 vars:160 one_side_vars:0 simple_definition:160 singleton_clauses:0
  2.49e-03s  0.00e+00d  [operations_research::sat::CpModelPresolver::DetectDuplicateConstraintsWithDifferentEnforcements] 
  3.30e-01s  1.00e+00d *[operations_research::sat::CpModelPresolver::Probe] #probed=9'596 #new_binary_clauses=116'849 
  3.57e-03s  1.41e-02d  [MaxClique] 
  5.95e-03s  0.00e+00d  [DetectDominanceRelations] 
  1.01e-01s  0.00e+00d  [operations_research::sat::CpModelPresolver::PresolveToFixPoint] #num_loops=1 #num_dual_strengthening=1 
  3.01e-03s  0.00e+00d  [operations_research::sat::CpModelPresolver::ProcessAtMostOneAndLinear] 
  3.44e-03s  0.00e+00d  [operations_research::sat::CpModelPresolver::DetectDuplicateConstraints] 
  2.02e-03s  0.00e+00d  [operations_research::sat::CpModelPresolver::DetectDuplicateConstraintsWithDifferentEnforcements] 
  6.11e-04s  5.13e-07d  [operations_research::sat::CpModelPresolver::DetectDominatedLinearConstraints] #relevant_constraints=45 
  2.82e-04s  0.00e+00d  [operations_research::sat::CpModelPresolver::DetectDifferentVariables] 
  1.90e-03s  5.70e-05d  [operations_research::sat::CpModelPresolver::ProcessSetPPC] #relevant_constraints=660 #num_inclusions=16 
  2.26e-03s  8.06e-06d  [operations_research::sat::CpModelPresolver::TransformClausesToExactlyOne] #num_amos=96 #num_clauses=144 #num_checked=144 
  2.23e-02s  0.00e+00d  [operations_research::sat::CpModelPresolver::DetectEncodedComplexDomains] 
  7.36e-04s  0.00e+00d  [operations_research::sat::CpModelPresolver::FindAlmostIdenticalLinearConstraints] 
  3.60e-02s  2.39e-02d  [operations_research::sat::CpModelPresolver::FindBigAtMostOneAndLinearOverlap] 
  2.55e-03s  4.67e-04d  [operations_research::sat::CpModelPresolver::FindBigVerticalLinearOverlap] 
  4.52e-04s  2.25e-07d  [operations_research::sat::CpModelPresolver::FindBigHorizontalLinearOverlap] #linears=3 
  6.83e-04s  2.48e-06d  [operations_research::sat::CpModelPresolver::MergeClauses] 
  4.39e-03s  0.00e+00d  [DetectDominanceRelations] 
  1.08e-01s  0.00e+00d  [operations_research::sat::CpModelPresolver::PresolveToFixPoint] #num_loops=1 #num_dual_strengthening=1 
  6.22e-03s  0.00e+00d  [DetectDominanceRelations] 
  8.94e-02s  0.00e+00d  [operations_research::sat::CpModelPresolver::PresolveToFixPoint] #num_loops=1 #num_dual_strengthening=1 
[SAT presolve] num removable Booleans: 0 / 18'340
[SAT presolve] num trivial clauses: 0
[SAT presolve] [0s] clauses:160 literals:528 vars:160 one_side_vars:0 simple_definition:160 singleton_clauses:0
[SAT presolve] [0.0001385s] clauses:160 literals:528 vars:160 one_side_vars:0 simple_definition:160 singleton_clauses:0
[SAT presolve] [0.0005492s] clauses:160 literals:528 vars:160 one_side_vars:0 simple_definition:160 singleton_clauses:0
  2.10e-03s  0.00e+00d  [operations_research::sat::CpModelPresolver::DetectDuplicateConstraintsWithDifferentEnforcements] 
  3.06e-01s  1.00e+00d *[operations_research::sat::CpModelPresolver::Probe] #probed=9'596 #new_binary_clauses=116'849 
  4.30e-03s  1.41e-02d  [MaxClique] 
  5.42e-03s  0.00e+00d  [DetectDominanceRelations] 
  1.04e-01s  0.00e+00d  [operations_research::sat::CpModelPresolver::PresolveToFixPoint] #num_loops=1 #num_dual_strengthening=1 
  3.27e-03s  0.00e+00d  [operations_research::sat::CpModelPresolver::ProcessAtMostOneAndLinear] 
  2.86e-03s  0.00e+00d  [operations_research::sat::CpModelPresolver::DetectDuplicateConstraints] 
  1.83e-03s  0.00e+00d  [operations_research::sat::CpModelPresolver::DetectDuplicateConstraintsWithDifferentEnforcements] 
  6.14e-04s  5.13e-07d  [operations_research::sat::CpModelPresolver::DetectDominatedLinearConstraints] #relevant_constraints=45 
  3.49e-04s  0.00e+00d  [operations_research::sat::CpModelPresolver::DetectDifferentVariables] 
  1.82e-03s  5.70e-05d  [operations_research::sat::CpModelPresolver::ProcessSetPPC] #relevant_constraints=660 #num_inclusions=16 
  1.98e-03s  8.06e-06d  [operations_research::sat::CpModelPresolver::TransformClausesToExactlyOne] #num_amos=96 #num_clauses=144 #num_checked=144 
  2.00e-02s  0.00e+00d  [operations_research::sat::CpModelPresolver::DetectEncodedComplexDomains] 
  7.40e-04s  0.00e+00d  [operations_research::sat::CpModelPresolver::FindAlmostIdenticalLinearConstraints] 
  3.40e-02s  2.39e-02d  [operations_research::sat::CpModelPresolver::FindBigAtMostOneAndLinearOverlap] 
  2.09e-03s  4.67e-04d  [operations_research::sat::CpModelPresolver::FindBigVerticalLinearOverlap] 
  7.07e-04s  2.25e-07d  [operations_research::sat::CpModelPresolver::FindBigHorizontalLinearOverlap] #linears=3 
  1.17e-03s  2.48e-06d  [operations_research::sat::CpModelPresolver::MergeClauses] 
  6.43e-03s  0.00e+00d  [DetectDominanceRelations] 
  1.09e-01s  0.00e+00d  [operations_research::sat::CpModelPresolver::PresolveToFixPoint] #num_loops=1 #num_dual_strengthening=1 
  5.98e-04s  0.00e+00d  [MergeNoOverlap] 
  3.19e-04s  0.00e+00d  [MergeNoOverlap2D] 
  2.10e-02s  0.00e+00d  [operations_research::sat::CpModelPresolver::ExpandObjective] #entries=900'984 #tight_variables=17'304 #tight_constraints=462 

Presolve summary:
  - 0 affine relations were detected.
  - rule 'TODO dual: only one blocking constraint?' was applied 27 times.
  - rule 'all_diff: expanded' was applied 4 times.
  - rule 'deductions: 36680 stored' was applied 1 time.
  - rule 'dual: make encoding equiv' was applied 7'680 times.
  - rule 'duplicate: merged rhs of linear constraint' was applied 3 times.
  - rule 'duplicate: removed constraint' was applied 3 times.
  - rule 'element: expanded value element' was applied 42 times.
  - rule 'element: reduce target domain' was applied 42 times.
  - rule 'linear: reduced variable domains' was applied 9 times.
  - rule 'linear: variable substitution 1' was applied 3 times.
  - rule 'new_bool: integer encoding' was applied 18'340 times.
  - rule 'presolve: 0 unused variables removed.' was applied 1 time.
  - rule 'presolve: iteration' was applied 3 times.
  - rule 'table: expanded positive constraint with two variables' was applied 4 times.
  - rule 'variables: add encoding constraint' was applied 18'340 times.

Presolved optimization model '': (model_fingerprint: 0x91174c00c05e409b)
#Variables: 18'483 (#ints: 3 in objective) (18'021 primary variables)
  - 18'340 Booleans in [0,1]
  - 42 in [0,9]
  - 56 in [0,19]
  - 3 in [0,63]
  - 42 in [0,399]
#kAtMostOne: 80 (#literals: 1'120)
#kBoolAnd: 16 (#enforced: 16) (#literals: 32)
#kBoolOr: 144 (#literals: 496)
#kExactlyOne: 420 (#literals: 17'220)
#kLinear1: 36'680 (#enforced: 36'680)
#kLinear3: 42
#kLinearN: 3 (#terms: 45)

Preloading model.
#Bound   2.19s best:inf   next:[0,189]    initial_domain
The solution hint is incomplete: 1176 out of 18483 non fixed variables hinted.

Starting search at 2.19s with 1 workers.
1 full problem subsolver: [main]

[Encoding] 280 literals associated to VAR >= value, and 0 half-associations.
[Encoding] 18340 literals associated to VAR == value, and 0 half-associations.
[Encoding] num_fully_encoded_variables:140
[Precedences] num_relations=0 num_clauses=18624
[Precedences] Added 1292 GreaterThanAtLeastOneOf() constraints.
[Probing] deterministic_time: 1.00018 (limit: 1) wall_time: 0.426308 (Aborted 4767/36260)
[Probing]  - new binary clause: 116'471
[EncodingLinearRelaxation] #tight_equality:0 #loose_equality:0 #inequality:140
[LinearRelaxationBeforeCliqueExpansion] #linear:325 #at_most_ones:500
[FinalLinearRelaxation] #linear:45 #cut_generators:0
Initial num_bool: 36260

Starting subsolver 'main' hint search at 2.98s
#1       2.98s best:1     next:[0,0]      main [hint]
Starting subsolver 'main' search at 2.98s
#2       4.01s best:0     next:[]         main
#Done    4.01s main

Task timing           n [     min,      max]      avg      dev     time         n [     min,      max]      avg      dev    dtime
      'main':         1 [   1.82s,    1.82s]    1.82s   0.00ns    1.82s         1 [   4.48s,    4.48s]    4.48s   0.00ns    4.48s

Search stats     Bools  Conflicts  Branches  Restarts  BacktrackToRoot  Backtrack  BoolPropag  IntegerPropag
       'main':  36'260         39    32'124         0           14'317     26'663  28'691'069        616'144

SAT formula     Fixed  Equiv   Total  VarLeft  BinaryClauses  PermanentClauses  TemporaryClauses
      'main':  16'674    237  36'260   19'349        166'628            18'211                30

SAT stats    ClassicMinim  LitRemoved  LitRemovedBinary  LitLearned  LitForgotten  Subsumed
    'main':            17         268               369       1'359             0         0

Vivification    Clauses  Decisions  LitTrue  Subsumed  LitRemoved  DecisionReused  Conflicts
       'main':    4'691      9'382        0         0           0               0          0

Clause deletion    at_true  l_and_not(l)  to_binary  sub_conflict  sub_extra  sub_decisions  sub_eager  sub_vivify  sub_probing  sub_inpro  blocked  eliminated  forgotten  promoted  conflicts
          'main':       42             0        378             0          1              0          0           0            0          0        0           0          0        42         39

Lp stats    Component  Iterations  AddedCuts  OPTIMAL  DUAL_F.  DUAL_U.
   'main':         17         125          0    1'873        0        0

Lp dimension    Final dimension of first component
       'main':        3 rows, 7 columns, 9 entries

Lp debug    CutPropag  CutEqPropag  Adjust  Overflow  Bad  BadScaling
   'main':          0            0       0         0    0           0

Lp pool    Constraints  Updates  Simplif  Merged  Shortened  Split  Strengthened  Cuts/Call
  'main':           45        0        0       0          0      1             0        0/0

Solutions (2)    Num   Rank
        'main':    4  [0,2]

Objective bounds     Num
  'initial_domain':    1

Solution repositories    Added  Queried  Synchro
    'alternative_path':      1        0        1
      'best_solutions':     10        0        2
   'fj solution hints':      0        0        0

LRAT_status: NA
CpSolverResponse summary:
status: OPTIMAL
objective: 0
best_bound: 0
integers: 144
booleans: 36260
conflicts: 39
branches: 32124
propagations: 28691069
integer_propagations: 616144
restarts: 0
lp_iterations: 125
walltime: 4.01795
usertime: 4.01795
deterministic_time: 7.59351
gap_integral: 0
solution_fingerprint: 0xa3bfe449917ef738

TAP status=OPTIMAL bound=0.0 obj=0.0 elapsed=4.0s
  slice swaps>=0 status=OPTIMAL obj=0.0
slice gaps[6,9) gates=4 incumbent_lb=1 budget=40s

Starting CP-SAT solver v9.15.6755
Parameters: max_time_in_seconds: 40 max_memory_in_mb: 4096 log_search_progress: true num_search_workers: 1 symmetry_level: 0 log_to_stdout: true

Initial optimization model '': (model_fingerprint: 0x85cc6cb6d92b5185)
#Variables: 146 (#ints: 3 in objective) (101 primary variables)
  - 56 in [0,19]
  - 42 in [0,20]
  - 6 in [0,280]
  - 42 in [0,399]
#kAllDiff: 4
#kElement: 42
#kLinear2: 6
#kLinear3: 42
#kLinearN: 3 (#terms: 45)
#kTable: 4

Starting presolve at 0.00s
The solution hint is incomplete: 56 out of 146 non fixed variables hinted.
  5.42e-05s  0.00e+00d  [DetectDominanceRelations] 
  9.01e-03s  0.00e+00d  [operations_research::sat::CpModelPresolver::PresolveToFixPoint] #num_loops=3 #num_dual_strengthening=1 
  5.30e-06s  0.00e+00d  [operations_research::sat::CpModelPresolver::ExtractEncodingFromLinear] 
[SAT presolve] num removable Booleans: 0 / 18'340
[SAT presolve] num trivial clauses: 0
[SAT presolve] [0s] clauses:160 literals:528 vars:160 one_side_vars:0 simple_definition:160 singleton_clauses:0
[SAT presolve] [0.0001201s] clauses:160 literals:528 vars:160 one_side_vars:0 simple_definition:160 singleton_clauses:0
[SAT presolve] [0.0007001s] clauses:160 literals:528 vars:160 one_side_vars:0 simple_definition:160 singleton_clauses:0
  2.13e-03s  0.00e+00d  [operations_research::sat::CpModelPresolver::DetectDuplicateConstraintsWithDifferentEnforcements] 
  3.07e-01s  1.00e+00d *[operations_research::sat::CpModelPresolver::Probe] #probed=8'570 #new_bounds=1 #new_binary_clauses=120'006 
  4.85e-03s  1.54e-02d  [MaxClique] 
  5.66e-03s  0.00e+00d  [DetectDominanceRelations] 
  1.73e-01s  0.00e+00d  [operations_research::sat::CpModelPresolver::PresolveToFixPoint] #num_loops=2 #num_dual_strengthening=1 
  2.84e-03s  0.00e+00d  [operations_research::sat::CpModelPresolver::ProcessAtMostOneAndLinear] 
  2.80e-03s  0.00e+00d  [operations_research::sat::CpModelPresolver::DetectDuplicateConstraints] #duplicates=3 
  1.87e-03s  0.00e+00d  [operations_research::sat::CpModelPresolver::DetectDuplicateConstraintsWithDifferentEnforcements] 
  5.38e-04s  5.34e-07d  [operations_research::sat::CpModelPresolver::DetectDominatedLinearConstraints] #relevant_constraints=48 
  2.63e-04s  0.00e+00d  [operations_research::sat::CpModelPresolver::DetectDifferentVariables] 
  1.87e-03s  5.70e-05d  [operations_research::sat::CpModelPresolver::ProcessSetPPC] #relevant_constraints=660 #num_inclusions=16 
  2.17e-03s  8.06e-06d  [operations_research::sat::CpModelPresolver::TransformClausesToExactlyOne] #num_amos=96 #num_clauses=144 #num_checked=144 
  1.93e-02s  0.00e+00d  [operations_research::sat::CpModelPresolver::DetectEncodedComplexDomains] 
  9.68e-04s  0.00e+00d  [operations_research::sat::CpModelPresolver::FindAlmostIdenticalLinearConstraints] 
  3.60e-02s  2.39e-02d  [operations_research::sat::CpModelPresolver::FindBigAtMostOneAndLinearOverlap] 
  2.46e-03s  4.67e-04d  [operations_research::sat::CpModelPresolver::FindBigVerticalLinearOverlap] 
  6.07e-04s  2.25e-07d  [operations_research::sat::CpModelPresolver::FindBigHorizontalLinearOverlap] #linears=3 
  7.81e-04s  2.48e-06d  [operations_research::sat::CpModelPresolver::MergeClauses] 
  5.33e-03s  0.00e+00d  [DetectDominanceRelations] 
  1.13e-01s  0.00e+00d  [operations_research::sat::CpModelPresolver::PresolveToFixPoint] #num_loops=1 #num_dual_strengthening=1 
  4.59e-03s  0.00e+00d  [DetectDominanceRelations] 
  1.14e-01s  0.00e+00d  [operations_research::sat::CpModelPresolver::PresolveToFixPoint] #num_loops=1 #num_dual_strengthening=1 
[SAT presolve] num removable Booleans: 0 / 18'340
[SAT presolve] num trivial clauses: 0
[SAT presolve] [0s] clauses:160 literals:528 vars:160 one_side_vars:0 simple_definition:160 singleton_clauses:0
[SAT presolve] [8.75e-05s] clauses:160 literals:528 vars:160 one_side_vars:0 simple_definition:160 singleton_clauses:0
[SAT presolve] [0.0005449s] clauses:160 literals:528 vars:160 one_side_vars:0 simple_definition:160 singleton_clauses:0
  2.26e-03s  0.00e+00d  [operations_research::sat::CpModelPresolver::DetectDuplicateConstraintsWithDifferentEnforcements] 
  3.74e-01s  1.00e+00d *[operations_research::sat::CpModelPresolver::Probe] #probed=8'574 #new_binary_clauses=120'030 
  3.58e-03s  1.54e-02d  [MaxClique] 
  4.76e-03s  0.00e+00d  [DetectDominanceRelations] 
  8.99e-02s  0.00e+00d  [operations_research::sat::CpModelPresolver::PresolveToFixPoint] #num_loops=1 #num_dual_strengthening=1 
  2.84e-03s  0.00e+00d  [operations_research::sat::CpModelPresolver::ProcessAtMostOneAndLinear] 
  1.94e-03s  0.00e+00d  [operations_research::sat::CpModelPresolver::DetectDuplicateConstraints] 
  1.53e-03s  0.00e+00d  [operations_research::sat::CpModelPresolver::DetectDuplicateConstraintsWithDifferentEnforcements] 
  4.01e-04s  5.20e-07d  [operations_research::sat::CpModelPresolver::DetectDominatedLinearConstraints] #relevant_constraints=46 
  2.66e-04s  0.00e+00d  [operations_research::sat::CpModelPresolver::DetectDifferentVariables] 
  2.06e-03s  5.70e-05d  [operations_research::sat::CpModelPresolver::ProcessSetPPC] #relevant_constraints=660 #num_inclusions=16 
  2.65e-03s  8.06e-06d  [operations_research::sat::CpModelPresolver::TransformClausesToExactlyOne] #num_amos=96 #num_clauses=144 #num_checked=144 
  1.92e-02s  0.00e+00d  [operations_research::sat::CpModelPresolver::DetectEncodedComplexDomains] 
  6.69e-04s  0.00e+00d  [operations_research::sat::CpModelPresolver::FindAlmostIdenticalLinearConstraints] 
  3.14e-02s  2.39e-02d  [operations_research::sat::CpModelPresolver::FindBigAtMostOneAndLinearOverlap] 
  1.91e-03s  4.67e-04d  [operations_research::sat::CpModelPresolver::FindBigVerticalLinearOverlap] 
  3.80e-04s  2.25e-07d  [operations_research::sat::CpModelPresolver::FindBigHorizontalLinearOverlap] #linears=3 
  5.58e-04s  2.48e-06d  [operations_research::sat::CpModelPresolver::MergeClauses] 
  5.57e-03s  0.00e+00d  [DetectDominanceRelations] 
  9.74e-02s  0.00e+00d  [operations_research::sat::CpModelPresolver::PresolveToFixPoint] #num_loops=1 #num_dual_strengthening=1 
  6.02e-03s  0.00e+00d  [DetectDominanceRelations] 
  9.94e-02s  0.00e+00d  [operations_research::sat::CpModelPresolver::PresolveToFixPoint] #num_loops=1 #num_dual_strengthening=1 
[SAT presolve] num removable Booleans: 0 / 18'340
[SAT presolve] num trivial clauses: 0
[SAT presolve] [0s] clauses:160 literals:528 vars:160 one_side_vars:0 simple_definition:160 singleton_clauses:0
[SAT presolve] [7.76e-05s] clauses:160 literals:528 vars:160 one_side_vars:0 simple_definition:160 singleton_clauses:0
[SAT presolve] [0.000542s] clauses:160 literals:528 vars:160 one_side_vars:0 simple_definition:160 singleton_clauses:0
  3.12e-03s  0.00e+00d  [operations_research::sat::CpModelPresolver::DetectDuplicateConstraintsWithDifferentEnforcements] 
  3.58e-01s  1.00e+00d *[operations_research::sat::CpModelPresolver::Probe] #probed=8'574 #new_binary_clauses=120'030 
  4.10e-03s  1.54e-02d  [MaxClique] 
  4.57e-03s  0.00e+00d  [DetectDominanceRelations] 
  1.19e-01s  0.00e+00d  [operations_research::sat::CpModelPresolver::PresolveToFixPoint] #num_loops=1 #num_dual_strengthening=1 
  2.62e-03s  0.00e+00d  [operations_research::sat::CpModelPresolver::ProcessAtMostOneAndLinear] 
  2.04e-03s  0.00e+00d  [operations_research::sat::CpModelPresolver::DetectDuplicateConstraints] 
  1.98e-03s  0.00e+00d  [operations_research::sat::CpModelPresolver::DetectDuplicateConstraintsWithDifferentEnforcements] 
  9.81e-04s  5.20e-07d  [operations_research::sat::CpModelPresolver::DetectDominatedLinearConstraints] #relevant_constraints=46 
  8.81e-04s  0.00e+00d  [operations_research::sat::CpModelPresolver::DetectDifferentVariables] 
  2.73e-03s  5.70e-05d  [operations_research::sat::CpModelPresolver::ProcessSetPPC] #relevant_constraints=660 #num_inclusions=16 
  2.31e-03s  8.06e-06d  [operations_research::sat::CpModelPresolver::TransformClausesToExactlyOne] #num_amos=96 #num_clauses=144 #num_checked=144 
  2.34e-02s  0.00e+00d  [operations_research::sat::CpModelPresolver::DetectEncodedComplexDomains] 
  7.71e-04s  0.00e+00d  [operations_research::sat::CpModelPresolver::FindAlmostIdenticalLinearConstraints] 
  3.31e-02s  2.39e-02d  [operations_research::sat::CpModelPresolver::FindBigAtMostOneAndLinearOverlap] 
  2.08e-03s  4.67e-04d  [operations_research::sat::CpModelPresolver::FindBigVerticalLinearOverlap] 
  4.92e-04s  2.25e-07d  [operations_research::sat::CpModelPresolver::FindBigHorizontalLinearOverlap] #linears=3 
  7.31e-04s  2.48e-06d  [operations_research::sat::CpModelPresolver::MergeClauses] 
  4.45e-03s  0.00e+00d  [DetectDominanceRelations] 
  1.09e-01s  0.00e+00d  [operations_research::sat::CpModelPresolver::PresolveToFixPoint] #num_loops=1 #num_dual_strengthening=1 
  1.59e-04s  0.00e+00d  [MergeNoOverlap] 
  1.69e-04s  0.00e+00d  [MergeNoOverlap2D] 
  1.67e-02s  0.00e+00d  [operations_research::sat::CpModelPresolver::ExpandObjective] #entries=900'998 #tight_variables=17'305 #tight_constraints=463 

Presolve summary:
  - 0 affine relations were detected.
  - rule 'TODO dual: only one blocking constraint?' was applied 27 times.
  - rule 'all_diff: expanded' was applied 4 times.
  - rule 'deductions: 36680 stored' was applied 1 time.
  - rule 'dual: make encoding equiv' was applied 7'680 times.
  - rule 'duplicate: merged rhs of linear constraint' was applied 3 times.
  - rule 'duplicate: removed constraint' was applied 3 times.
  - rule 'element: expanded value element' was applied 42 times.
  - rule 'element: reduce target domain' was applied 42 times.
  - rule 'linear: reduced variable domains' was applied 9 times.
  - rule 'linear: variable substitution 1' was applied 2 times.
  - rule 'new_bool: integer encoding' was applied 18'340 times.
  - rule 'presolve: 0 unused variables removed.' was applied 1 time.
  - rule 'presolve: iteration' was applied 3 times.
  - rule 'table: expanded positive constraint with two variables' was applied 4 times.
  - rule 'variables: add encoding constraint' was applied 18'340 times.

Presolved optimization model '': (model_fingerprint: 0x107640810ba55911)
#Variables: 18'484 (#ints: 3 in objective) (18'021 primary variables)
  - 18'340 Booleans in [0,1]
  - 42 in [0,9]
  - 56 in [0,19]
  - 3 in [0,63]
  - 1 in [0,125]
  - 42 in [0,399]
#kAtMostOne: 80 (#literals: 1'120)
#kBoolAnd: 16 (#enforced: 16) (#literals: 32)
#kBoolOr: 144 (#literals: 496)
#kExactlyOne: 420 (#literals: 17'220)
#kLinear1: 36'680 (#enforced: 36'680)
#kLinear2: 1
#kLinear3: 42
#kLinearN: 3 (#terms: 45)

Preloading model.
#Bound   2.31s best:inf   next:[0,189]    initial_domain
The solution hint is incomplete: 1176 out of 18484 non fixed variables hinted.

Starting search at 2.31s with 1 workers.
1 full problem subsolver: [main]

[Encoding] 280 literals associated to VAR >= value, and 0 half-associations.
[Encoding] 18340 literals associated to VAR == value, and 0 half-associations.
[Encoding] num_fully_encoded_variables:140
[Precedences] num_relations=0 num_clauses=18624
[Precedences] Added 1292 GreaterThanAtLeastOneOf() constraints.
[Probing] deterministic_time: 1.00007 (limit: 1) wall_time: 0.359061 (Aborted 4244/36260)
[Probing]  - new binary clause: 115'354
[EncodingLinearRelaxation] #tight_equality:0 #loose_equality:0 #inequality:140
[LinearRelaxationBeforeCliqueExpansion] #linear:326 #at_most_ones:500
[FinalLinearRelaxation] #linear:46 #cut_generators:0
Initial num_bool: 36260

Starting subsolver 'main' hint search at 3.11s
#1       3.11s best:1     next:[0,0]      main [hint]
Starting subsolver 'main' search at 3.11s
#2       4.14s best:0     next:[]         main
#Done    4.14s main

Task timing           n [     min,      max]      avg      dev     time         n [     min,      max]      avg      dev    dtime
      'main':         1 [   1.83s,    1.83s]    1.83s   0.00ns    1.83s         1 [   4.45s,    4.45s]    4.45s   0.00ns    4.45s

Search stats     Bools  Conflicts  Branches  Restarts  BacktrackToRoot  Backtrack  BoolPropag  IntegerPropag
       'main':  36'260         95    32'106         1           12'932     26'439  28'731'387        768'821

SAT formula     Fixed  Equiv   Total  VarLeft  BinaryClauses  PermanentClauses  TemporaryClauses
      'main':  16'674    229  36'260   19'357        158'764            18'248                50

SAT stats    ClassicMinim  LitRemoved  LitRemovedBinary  LitLearned  LitForgotten  Subsumed
    'main':            51         905               673       5'091             0         1

Vivification    Clauses  Decisions  LitTrue  Subsumed  LitRemoved  DecisionReused  Conflicts
       'main':    4'326      8'652        0         0           0               0          0

Clause deletion    at_true  l_and_not(l)  to_binary  sub_conflict  sub_extra  sub_decisions  sub_eager  sub_vivify  sub_probing  sub_inpro  blocked  eliminated  forgotten  promoted  conflicts
          'main':       42             0        378             1          0              0          0           0            0          0        0           0          0        65         95

Lp stats    Component  Iterations  AddedCuts  OPTIMAL  DUAL_F.  DUAL_U.
   'main':         17         135          0    2'996        0        0

Lp dimension    Final dimension of first component
       'main':        3 rows, 7 columns, 9 entries

Lp debug    CutPropag  CutEqPropag  Adjust  Overflow  Bad  BadScaling
   'main':          0            0       0         0    0           0

Lp pool    Constraints  Updates  Simplif  Merged  Shortened  Split  Strengthened  Cuts/Call
  'main':           46        0        0       0          0      1             0        0/0

Solutions (2)    Num   Rank
        'main':    4  [0,2]

Objective bounds     Num
  'initial_domain':    1

Solution repositories    Added  Queried  Synchro
    'alternative_path':      1        0        1
      'best_solutions':     12        0        2
   'fj solution hints':      0        0        0

LRAT_status: NA
CpSolverResponse summary:
status: OPTIMAL
objective: 0
best_bound: 0
integers: 145
booleans: 36260
conflicts: 95
branches: 32106
propagations: 28731387
integer_propagations: 768821
restarts: 1
lp_iterations: 135
walltime: 4.1521
usertime: 4.1521
deterministic_time: 7.5744
gap_integral: 0
solution_fingerprint: 0x95cec9214a5fa104

TAP status=OPTIMAL bound=0.0 obj=0.0 elapsed=4.2s
  slice swaps>=0 status=OPTIMAL obj=0.0
slice gaps[9,12) gates=4 incumbent_lb=2 budget=40s

Starting CP-SAT solver v9.15.6755
Parameters: max_time_in_seconds: 40 max_memory_in_mb: 4096 log_search_progress: true num_search_workers: 1 symmetry_level: 0 log_to_stdout: true

Initial optimization model '': (model_fingerprint: 0x1171d2b11bc8775f)
#Variables: 146 (#ints: 3 in objective) (101 primary variables)
  - 56 in [0,19]
  - 42 in [0,20]
  - 6 in [0,280]
  - 42 in [0,399]
#kAllDiff: 4
#kElement: 42
#kLinear2: 6
#kLinear3: 42
#kLinearN: 3 (#terms: 45)
#kTable: 4

Starting presolve at 0.00s
The solution hint is incomplete: 56 out of 146 non fixed variables hinted.
  4.00e-05s  0.00e+00d  [DetectDominanceRelations] 
  9.62e-03s  0.00e+00d  [operations_research::sat::CpModelPresolver::PresolveToFixPoint] #num_loops=3 #num_dual_strengthening=1 
  3.60e-06s  0.00e+00d  [operations_research::sat::CpModelPresolver::ExtractEncodingFromLinear] 
[SAT presolve] num removable Booleans: 0 / 18'340
[SAT presolve] num trivial clauses: 0
[SAT presolve] [0s] clauses:160 literals:528 vars:160 one_side_vars:0 simple_definition:160 singleton_clauses:0
[SAT presolve] [0.0001061s] clauses:160 literals:528 vars:160 one_side_vars:0 simple_definition:160 singleton_clauses:0
[SAT presolve] [0.0007537s] clauses:160 literals:528 vars:160 one_side_vars:0 simple_definition:160 singleton_clauses:0
  2.43e-03s  0.00e+00d  [operations_research::sat::CpModelPresolver::DetectDuplicateConstraintsWithDifferentEnforcements] 
  4.09e-01s  1.00e+00d *[operations_research::sat::CpModelPresolver::Probe] #probed=8'982 #new_bounds=1 #new_binary_clauses=119'048 
  5.84e-03s  1.53e-02d  [MaxClique] 
  5.18e-03s  0.00e+00d  [DetectDominanceRelations] 
  1.91e-01s  0.00e+00d  [operations_research::sat::CpModelPresolver::PresolveToFixPoint] #num_loops=2 #num_dual_strengthening=1 
  2.62e-03s  0.00e+00d  [operations_research::sat::CpModelPresolver::ProcessAtMostOneAndLinear] 
  1.73e-03s  0.00e+00d  [operations_research::sat::CpModelPresolver::DetectDuplicateConstraints] #duplicates=3 
  2.27e-03s  0.00e+00d  [operations_research::sat::CpModelPresolver::DetectDuplicateConstraintsWithDifferentEnforcements] 
  1.38e-03s  5.34e-07d  [operations_research::sat::CpModelPresolver::DetectDominatedLinearConstraints] #relevant_constraints=48 
  7.49e-04s  0.00e+00d  [operations_research::sat::CpModelPresolver::DetectDifferentVariables] 
  2.53e-03s  5.70e-05d  [operations_research::sat::CpModelPresolver::ProcessSetPPC] #relevant_constraints=660 #num_inclusions=16 
  3.16e-03s  8.06e-06d  [operations_research::sat::CpModelPresolver::TransformClausesToExactlyOne] #num_amos=96 #num_clauses=144 #num_checked=144 
  2.85e-02s  0.00e+00d  [operations_research::sat::CpModelPresolver::DetectEncodedComplexDomains] 
  1.04e-03s  0.00e+00d  [operations_research::sat::CpModelPresolver::FindAlmostIdenticalLinearConstraints] 
  4.56e-02s  2.39e-02d  [operations_research::sat::CpModelPresolver::FindBigAtMostOneAndLinearOverlap] 
  2.79e-03s  4.67e-04d  [operations_research::sat::CpModelPresolver::FindBigVerticalLinearOverlap] 
  6.51e-04s  2.25e-07d  [operations_research::sat::CpModelPresolver::FindBigHorizontalLinearOverlap] #linears=3 
  8.37e-04s  2.48e-06d  [operations_research::sat::CpModelPresolver::MergeClauses] 
  5.42e-03s  0.00e+00d  [DetectDominanceRelations] 
  1.55e-01s  0.00e+00d  [operations_research::sat::CpModelPresolver::PresolveToFixPoint] #num_loops=1 #num_dual_strengthening=1 
  5.47e-03s  0.00e+00d  [DetectDominanceRelations] 
  1.19e-01s  0.00e+00d  [operations_research::sat::CpModelPresolver::PresolveToFixPoint] #num_loops=1 #num_dual_strengthening=1 
[SAT presolve] num removable Booleans: 0 / 18'340
[SAT presolve] num trivial clauses: 0
[SAT presolve] [0s] clauses:160 literals:528 vars:160 one_side_vars:0 simple_definition:160 singleton_clauses:0
[SAT presolve] [0.0001037s] clauses:160 literals:528 vars:160 one_side_vars:0 simple_definition:160 singleton_clauses:0
[SAT presolve] [0.0006309s] clauses:160 literals:528 vars:160 one_side_vars:0 simple_definition:160 singleton_clauses:0
  2.60e-03s  0.00e+00d  [operations_research::sat::CpModelPresolver::DetectDuplicateConstraintsWithDifferentEnforcements] 
  3.85e-01s  1.00e+00d *[operations_research::sat::CpModelPresolver::Probe] #probed=8'986 #new_binary_clauses=119'076 
  3.73e-03s  1.53e-02d  [MaxClique] 
  6.52e-03s  0.00e+00d  [DetectDominanceRelations] 
  1.08e-01s  0.00e+00d  [operations_research::sat::CpModelPresolver::PresolveToFixPoint] #num_loops=1 #num_dual_strengthening=1 
  2.97e-03s  0.00e+00d  [operations_research::sat::CpModelPresolver::ProcessAtMostOneAndLinear] 
  2.13e-03s  0.00e+00d  [operations_research::sat::CpModelPresolver::DetectDuplicateConstraints] 
  3.14e-03s  0.00e+00d  [operations_research::sat::CpModelPresolver::DetectDuplicateConstraintsWithDifferentEnforcements] 
  8.77e-04s  5.20e-07d  [operations_research::sat::CpModelPresolver::DetectDominatedLinearConstraints] #relevant_constraints=46 
  5.24e-04s  0.00e+00d  [operations_research::sat::CpModelPresolver::DetectDifferentVariables] 
  3.29e-03s  5.70e-05d  [operations_research::sat::CpModelPresolver::ProcessSetPPC] #relevant_constraints=660 #num_inclusions=16 
  2.92e-03s  8.06e-06d  [operations_research::sat::CpModelPresolver::TransformClausesToExactlyOne] #num_amos=96 #num_clauses=144 #num_checked=144 
  3.12e-02s  0.00e+00d  [operations_research::sat::CpModelPresolver::DetectEncodedComplexDomains] 
  1.31e-03s  0.00e+00d  [operations_research::sat::CpModelPresolver::FindAlmostIdenticalLinearConstraints] 
  4.65e-02s  2.39e-02d  [operations_research::sat::CpModelPresolver::FindBigAtMostOneAndLinearOverlap] 
  2.35e-03s  4.67e-04d  [operations_research::sat::CpModelPresolver::FindBigVerticalLinearOverlap] 
  6.87e-04s  2.25e-07d  [operations_research::sat::CpModelPresolver::FindBigHorizontalLinearOverlap] #linears=3 
  7.99e-04s  2.48e-06d  [operations_research::sat::CpModelPresolver::MergeClauses] 
  4.59e-03s  0.00e+00d  [DetectDominanceRelations] 
  1.21e-01s  0.00e+00d  [operations_research::sat::CpModelPresolver::PresolveToFixPoint] #num_loops=1 #num_dual_strengthening=1 
  6.69e-03s  0.00e+00d  [DetectDominanceRelations] 
  1.04e-01s  0.00e+00d  [operations_research::sat::CpModelPresolver::PresolveToFixPoint] #num_loops=1 #num_dual_strengthening=1 
[SAT presolve] num removable Booleans: 0 / 18'340
[SAT presolve] num trivial clauses: 0
[SAT presolve] [0s] clauses:160 literals:528 vars:160 one_side_vars:0 simple_definition:160 singleton_clauses:0
[SAT presolve] [6.68e-05s] clauses:160 literals:528 vars:160 one_side_vars:0 simple_definition:160 singleton_clauses:0
[SAT presolve] [0.0004711s] clauses:160 literals:528 vars:160 one_side_vars:0 simple_definition:160 singleton_clauses:0
  3.56e-03s  0.00e+00d  [operations_research::sat::CpModelPresolver::DetectDuplicateConstraintsWithDifferentEnforcements] 
  3.55e-01s  1.00e+00d *[operations_research::sat::CpModelPresolver::Probe] #probed=8'986 #new_binary_clauses=119'076 
  6.35e-03s  1.53e-02d  [MaxClique] 
  5.24e-03s  0.00e+00d  [DetectDominanceRelations] 
  9.88e-02s  0.00e+00d  [operations_research::sat::CpModelPresolver::PresolveToFixPoint] #num_loops=1 #num_dual_strengthening=1 
  3.91e-03s  0.00e+00d  [operations_research::sat::CpModelPresolver::ProcessAtMostOneAndLinear] 
  2.93e-03s  0.00e+00d  [operations_research::sat::CpModelPresolver::DetectDuplicateConstraints] 
  2.92e-03s  0.00e+00d  [operations_research::sat::CpModelPresolver::DetectDuplicateConstraintsWithDifferentEnforcements] 
  8.70e-04s  5.20e-07d  [operations_research::sat::CpModelPresolver::DetectDominatedLinearConstraints] #relevant_constraints=46 
  5.13e-04s  0.00e+00d  [operations_research::sat::CpModelPresolver::DetectDifferentVariables] 
  2.44e-03s  5.70e-05d  [operations_research::sat::CpModelPresolver::ProcessSetPPC] #relevant_constraints=660 #num_inclusions=16 
  2.58e-03s  8.06e-06d  [operations_research::sat::CpModelPresolver::TransformClausesToExactlyOne] #num_amos=96 #num_clauses=144 #num_checked=144 
  2.12e-02s  0.00e+00d  [operations_research::sat::CpModelPresolver::DetectEncodedComplexDomains] 
  7.44e-04s  0.00e+00d  [operations_research::sat::CpModelPresolver::FindAlmostIdenticalLinearConstraints] 
  3.58e-02s  2.39e-02d  [operations_research::sat::CpModelPresolver::FindBigAtMostOneAndLinearOverlap] 
  3.21e-03s  4.67e-04d  [operations_research::sat::CpModelPresolver::FindBigVerticalLinearOverlap] 
  7.81e-04s  2.25e-07d  [operations_research::sat::CpModelPresolver::FindBigHorizontalLinearOverlap] #linears=3 
  1.11e-03s  2.48e-06d  [operations_research::sat::CpModelPresolver::MergeClauses] 
  4.83e-03s  0.00e+00d  [DetectDominanceRelations] 
  1.03e-01s  0.00e+00d  [operations_research::sat::CpModelPresolver::PresolveToFixPoint] #num_loops=1 #num_dual_strengthening=1 
  6.09e-04s  0.00e+00d  [MergeNoOverlap] 
  1.08e-03s  0.00e+00d  [MergeNoOverlap2D] 
  1.93e-02s  0.00e+00d  [operations_research::sat::CpModelPresolver::ExpandObjective] #entries=900'998 #tight_variables=17'305 #tight_constraints=463 

Presolve summary:
  - 0 affine relations were detected.
  - rule 'TODO dual: only one blocking constraint?' was applied 27 times.
  - rule 'all_diff: expanded' was applied 4 times.
  - rule 'deductions: 36680 stored' was applied 1 time.
  - rule 'dual: make encoding equiv' was applied 7'680 times.
  - rule 'duplicate: merged rhs of linear constraint' was applied 3 times.
  - rule 'duplicate: removed constraint' was applied 3 times.
  - rule 'element: expanded value element' was applied 42 times.
  - rule 'element: reduce target domain' was applied 42 times.
  - rule 'linear: reduced variable domains' was applied 9 times.
  - rule 'linear: variable substitution 1' was applied 2 times.
  - rule 'new_bool: integer encoding' was applied 18'340 times.
  - rule 'presolve: 0 unused variables removed.' was applied 1 time.
  - rule 'presolve: iteration' was applied 3 times.
  - rule 'table: expanded positive constraint with two variables' was applied 4 times.
  - rule 'variables: add encoding constraint' was applied 18'340 times.

Presolved optimization model '': (model_fingerprint: 0xae4d9d76044e1eb)
#Variables: 18'484 (#ints: 3 in objective) (18'021 primary variables)
  - 18'340 Booleans in [0,1]
  - 42 in [0,9]
  - 56 in [0,19]
  - 3 in [0,63]
  - 1 in [0,125]
  - 42 in [0,399]
#kAtMostOne: 80 (#literals: 1'120)
#kBoolAnd: 16 (#enforced: 16) (#literals: 32)
#kBoolOr: 144 (#literals: 496)
#kExactlyOne: 420 (#literals: 17'220)
#kLinear1: 36'680 (#enforced: 36'680)
#kLinear2: 1
#kLinear3: 42
#kLinearN: 3 (#terms: 45)

Preloading model.
#Bound   2.59s best:inf   next:[0,189]    initial_domain
The solution hint is incomplete: 1176 out of 18484 non fixed variables hinted.

Starting search at 2.59s with 1 workers.
1 full problem subsolver: [main]

[Encoding] 280 literals associated to VAR >= value, and 0 half-associations.
[Encoding] 18340 literals associated to VAR == value, and 0 half-associations.
[Encoding] num_fully_encoded_variables:140
[Precedences] num_relations=0 num_clauses=18624
[Precedences] Added 1292 GreaterThanAtLeastOneOf() constraints.
[Probing] deterministic_time: 1.00003 (limit: 1) wall_time: 0.398641 (Aborted 4452/36260)
[Probing]  - new binary clause: 118'575
[EncodingLinearRelaxation] #tight_equality:0 #loose_equality:0 #inequality:140
[LinearRelaxationBeforeCliqueExpansion] #linear:326 #at_most_ones:500
[FinalLinearRelaxation] #linear:46 #cut_generators:0
Initial num_bool: 36260

Starting subsolver 'main' hint search at 3.37s
#1       3.38s best:2     next:[0,1]      main [hint]
Starting subsolver 'main' search at 3.38s
#2       4.58s best:1     next:[0,0]      main
#3       4.59s best:0     next:[]         main
#Done    4.59s main

Task timing           n [     min,      max]      avg      dev     time         n [     min,      max]      avg      dev    dtime
      'main':         1 [   2.00s,    2.00s]    2.00s   0.00ns    2.00s         1 [   4.47s,    4.47s]    4.47s   0.00ns    4.47s

Search stats     Bools  Conflicts  Branches  Restarts  BacktrackToRoot  Backtrack  BoolPropag  IntegerPropag
       'main':  36'260         74    31'724         1           13'498     26'204  28'630'438        793'300

SAT formula     Fixed  Equiv   Total  VarLeft  BinaryClauses  PermanentClauses  TemporaryClauses
      'main':  16'674    233  36'260   19'353        167'044            18'216                60

SAT stats    ClassicMinim  LitRemoved  LitRemovedBinary  LitLearned  LitForgotten  Subsumed
    'main':            37       1'029             2'073      10'650             0         1

Vivification    Clauses  Decisions  LitTrue  Subsumed  LitRemoved  DecisionReused  Conflicts
       'main':    4'497      8'994        0         0           0               0          0

Clause deletion    at_true  l_and_not(l)  to_binary  sub_conflict  sub_extra  sub_decisions  sub_eager  sub_vivify  sub_probing  sub_inpro  blocked  eliminated  forgotten  promoted  conflicts
          'main':       42             0        378             1          0              0          0           0            0          0        0           0          0       110         74

Lp stats    Component  Iterations  AddedCuts  OPTIMAL  DUAL_F.  DUAL_U.
   'main':         17         139          0    2'603        0        0

Lp dimension    Final dimension of first component
       'main':        3 rows, 7 columns, 9 entries

Lp debug    CutPropag  CutEqPropag  Adjust  Overflow  Bad  BadScaling
   'main':          0            0       0         0    0           0

Lp pool    Constraints  Updates  Simplif  Merged  Shortened  Split  Strengthened  Cuts/Call
  'main':           46        0        0       0          0      1             0        0/0

Solutions (3)    Num   Rank
        'main':    6  [0,3]

Objective bounds     Num
  'initial_domain':    1

Solution repositories    Added  Queried  Synchro
    'alternative_path':      1        0        1
      'best_solutions':     12        0        3
   'fj solution hints':      0        0        0

LRAT_status: NA
CpSolverResponse summary:
status: OPTIMAL
objective: 0
best_bound: 0
integers: 145
booleans: 36260
conflicts: 74
branches: 31724
propagations: 28630438
integer_propagations: 793300
restarts: 1
lp_iterations: 139
walltime: 4.59754
usertime: 4.59754
deterministic_time: 7.59478
gap_integral: 0
solution_fingerprint: 0x6ca29dbba1ec470f

TAP status=OPTIMAL bound=0.0 obj=0.0 elapsed=4.6s
  slice swaps>=0 status=OPTIMAL obj=0.0
slice gaps[12,15) gates=4 incumbent_lb=0 budget=40s

Starting CP-SAT solver v9.15.6755
Parameters: max_time_in_seconds: 40 max_memory_in_mb: 4096 log_search_progress: true num_search_workers: 1 symmetry_level: 0 log_to_stdout: true

Initial optimization model '': (model_fingerprint: 0xc8220a4a8652d9c6)
#Variables: 146 (#ints: 3 in objective) (101 primary variables)
  - 56 in [0,19]
  - 42 in [0,20]
  - 6 in [0,280]
  - 42 in [0,399]
#kAllDiff: 4
#kElement: 42
#kLinear2: 6
#kLinear3: 42
#kLinearN: 3 (#terms: 45)
#kTable: 4

Starting presolve at 0.00s
The solution hint is incomplete: 56 out of 146 non fixed variables hinted.
  5.27e-05s  0.00e+00d  [DetectDominanceRelations] 
  1.15e-02s  0.00e+00d  [operations_research::sat::CpModelPresolver::PresolveToFixPoint] #num_loops=3 #num_dual_strengthening=1 
  5.00e-06s  0.00e+00d  [operations_research::sat::CpModelPresolver::ExtractEncodingFromLinear] 
[SAT presolve] num removable Booleans: 0 / 18'340
[SAT presolve] num trivial clauses: 0
[SAT presolve] [0s] clauses:160 literals:528 vars:160 one_side_vars:0 simple_definition:160 singleton_clauses:0
[SAT presolve] [7.55e-05s] clauses:160 literals:528 vars:160 one_side_vars:0 simple_definition:160 singleton_clauses:0
[SAT presolve] [0.0006499s] clauses:160 literals:528 vars:160 one_side_vars:0 simple_definition:160 singleton_clauses:0
  2.68e-03s  0.00e+00d  [operations_research::sat::CpModelPresolver::DetectDuplicateConstraintsWithDifferentEnforcements] 
  3.52e-01s  1.00e+00d *[operations_research::sat::CpModelPresolver::Probe] #probed=9'384 #new_binary_clauses=116'481 
  3.87e-03s  1.43e-02d  [MaxClique] 
  8.08e-03s  0.00e+00d  [DetectDominanceRelations] 
  1.98e-01s  0.00e+00d  [operations_research::sat::CpModelPresolver::PresolveToFixPoint] #num_loops=2 #num_dual_strengthening=1 
  3.82e-03s  0.00e+00d  [operations_research::sat::CpModelPresolver::ProcessAtMostOneAndLinear] 
  2.87e-03s  0.00e+00d  [operations_research::sat::CpModelPresolver::DetectDuplicateConstraints] #duplicates=3 
  4.06e-03s  0.00e+00d  [operations_research::sat::CpModelPresolver::DetectDuplicateConstraintsWithDifferentEnforcements] 
  7.58e-04s  5.34e-07d  [operations_research::sat::CpModelPresolver::DetectDominatedLinearConstraints] #relevant_constraints=48 
  6.31e-04s  0.00e+00d  [operations_research::sat::CpModelPresolver::DetectDifferentVariables] 
  2.92e-03s  5.70e-05d  [operations_research::sat::CpModelPresolver::ProcessSetPPC] #relevant_constraints=660 #num_inclusions=16 
  2.94e-03s  8.06e-06d  [operations_research::sat::CpModelPresolver::TransformClausesToExactlyOne] #num_amos=96 #num_clauses=144 #num_checked=144 
  2.91e-02s  0.00e+00d  [operations_research::sat::CpModelPresolver::DetectEncodedComplexDomains] 
  1.00e-03s  0.00e+00d  [operations_research::sat::CpModelPresolver::FindAlmostIdenticalLinearConstraints] 
  4.04e-02s  2.39e-02d  [operations_research::sat::CpModelPresolver::FindBigAtMostOneAndLinearOverlap] 
  2.63e-03s  4.67e-04d  [operations_research::sat::CpModelPresolver::FindBigVerticalLinearOverlap] 
  6.18e-04s  2.25e-07d  [operations_research::sat::CpModelPresolver::FindBigHorizontalLinearOverlap] #linears=3 
  6.78e-04s  2.48e-06d  [operations_research::sat::CpModelPresolver::MergeClauses] 
  5.81e-03s  0.00e+00d  [DetectDominanceRelations] 
  1.01e-01s  0.00e+00d  [operations_research::sat::CpModelPresolver::PresolveToFixPoint] #num_loops=1 #num_dual_strengthening=1 
  5.46e-03s  0.00e+00d  [DetectDominanceRelations] 
  1.04e-01s  0.00e+00d  [operations_research::sat::CpModelPresolver::PresolveToFixPoint] #num_loops=1 #num_dual_strengthening=1 
[SAT presolve] num removable Booleans: 0 / 18'340
[SAT presolve] num trivial clauses: 0
[SAT presolve] [0s] clauses:160 literals:528 vars:160 one_side_vars:0 simple_definition:160 singleton_clauses:0
[SAT presolve] [0.0001005s] clauses:160 literals:528 vars:160 one_side_vars:0 simple_definition:160 singleton_clauses:0
[SAT presolve] [0.0006616s] clauses:160 literals:528 vars:160 one_side_vars:0 simple_definition:160 singleton_clauses:0
  3.19e-03s  0.00e+00d  [operations_research::sat::CpModelPresolver::DetectDuplicateConstraintsWithDifferentEnforcements] 
  3.57e-01s  1.00e+00d *[operations_research::sat::CpModelPresolver::Probe] #probed=9'394 #new_binary_clauses=116'528 
  3.77e-03s  1.43e-02d  [MaxClique] 
  6.33e-03s  0.00e+00d  [DetectDominanceRelations] 
  1.09e-01s  0.00e+00d  [operations_research::sat::CpModelPresolver::PresolveToFixPoint] #num_loops=1 #num_dual_strengthening=1 
  2.85e-03s  0.00e+00d  [operations_research::sat::CpModelPresolver::ProcessAtMostOneAndLinear] 
  2.81e-03s  0.00e+00d  [operations_research::sat::CpModelPresolver::DetectDuplicateConstraints] 
  2.32e-03s  0.00e+00d  [operations_research::sat::CpModelPresolver::DetectDuplicateConstraintsWithDifferentEnforcements] 
  6.78e-04s  5.13e-07d  [operations_research::sat::CpModelPresolver::DetectDominatedLinearConstraints] #relevant_constraints=45 
  3.11e-04s  0.00e+00d  [operations_research::sat::CpModelPresolver::DetectDifferentVariables] 
  1.99e-03s  5.70e-05d  [operations_research::sat::CpModelPresolver::ProcessSetPPC] #relevant_constraints=660 #num_inclusions=16 
  2.05e-03s  8.06e-06d  [operations_research::sat::CpModelPresolver::TransformClausesToExactlyOne] #num_amos=96 #num_clauses=144 #num_checked=144 
  2.26e-02s  0.00e+00d  [operations_research::sat::CpModelPresolver::DetectEncodedComplexDomains] 
  6.43e-04s  0.00e+00d  [operations_research::sat::CpModelPresolver::FindAlmostIdenticalLinearConstraints] 
  3.21e-02s  2.39e-02d  [operations_research::sat::CpModelPresolver::FindBigAtMostOneAndLinearOverlap] 
  2.41e-03s  4.67e-04d  [operations_research::sat::CpModelPresolver::FindBigVerticalLinearOverlap] 
  5.47e-04s  2.25e-07d  [operations_research::sat::CpModelPresolver::FindBigHorizontalLinearOverlap] #linears=3 
  5.81e-04s  2.48e-06d  [operations_research::sat::CpModelPresolver::MergeClauses] 
  4.41e-03s  0.00e+00d  [DetectDominanceRelations] 
  1.08e-01s  0.00e+00d  [operations_research::sat::CpModelPresolver::PresolveToFixPoint] #num_loops=1 #num_dual_strengthening=1 
  4.69e-03s  0.00e+00d  [DetectDominanceRelations] 
  1.04e-01s  0.00e+00d  [operations_research::sat::CpModelPresolver::PresolveToFixPoint] #num_loops=1 #num_dual_strengthening=1 
[SAT presolve] num removable Booleans: 0 / 18'340
[SAT presolve] num trivial clauses: 0
[SAT presolve] [0s] clauses:160 literals:528 vars:160 one_side_vars:0 simple_definition:160 singleton_clauses:0
[SAT presolve] [0.0002414s] clauses:160 literals:528 vars:160 one_side_vars:0 simple_definition:160 singleton_clauses:0
[SAT presolve] [0.0007862s] clauses:160 literals:528 vars:160 one_side_vars:0 simple_definition:160 singleton_clauses:0
  3.27e-03s  0.00e+00d  [operations_research::sat::CpModelPresolver::DetectDuplicateConstraintsWithDifferentEnforcements] 
  3.49e-01s  1.00e+00d *[operations_research::sat::CpModelPresolver::Probe] #probed=9'394 #new_binary_clauses=116'528 
  5.81e-03s  1.43e-02d  [MaxClique] 
  7.57e-03s  0.00e+00d  [DetectDominanceRelations] 
  1.07e-01s  0.00e+00d  [operations_research::sat::CpModelPresolver::PresolveToFixPoint] #num_loops=1 #num_dual_strengthening=1 
  3.40e-03s  0.00e+00d  [operations_research::sat::CpModelPresolver::ProcessAtMostOneAndLinear] 
  2.73e-03s  0.00e+00d  [operations_research::sat::CpModelPresolver::DetectDuplicateConstraints] 
  1.76e-03s  0.00e+00d  [operations_research::sat::CpModelPresolver::DetectDuplicateConstraintsWithDifferentEnforcements] 
  6.28e-04s  5.13e-07d  [operations_research::sat::CpModelPresolver::DetectDominatedLinearConstraints] #relevant_constraints=45 
  3.34e-04s  0.00e+00d  [operations_research::sat::CpModelPresolver::DetectDifferentVariables] 
  2.33e-03s  5.70e-05d  [operations_research::sat::CpModelPresolver::ProcessSetPPC] #relevant_constraints=660 #num_inclusions=16 
  3.37e-03s  8.06e-06d  [operations_research::sat::CpModelPresolver::TransformClausesToExactlyOne] #num_amos=96 #num_clauses=144 #num_checked=144 
  2.41e-02s  0.00e+00d  [operations_research::sat::CpModelPresolver::DetectEncodedComplexDomains] 
  1.17e-03s  0.00e+00d  [operations_research::sat::CpModelPresolver::FindAlmostIdenticalLinearConstraints] 
  4.18e-02s  2.39e-02d  [operations_research::sat::CpModelPresolver::FindBigAtMostOneAndLinearOverlap] 
  2.74e-03s  4.67e-04d  [operations_research::sat::CpModelPresolver::FindBigVerticalLinearOverlap] 
  1.02e-03s  2.25e-07d  [operations_research::sat::CpModelPresolver::FindBigHorizontalLinearOverlap] #linears=3 
  1.12e-03s  2.48e-06d  [operations_research::sat::CpModelPresolver::MergeClauses] 
  6.67e-03s  0.00e+00d  [DetectDominanceRelations] 
  1.16e-01s  0.00e+00d  [operations_research::sat::CpModelPresolver::PresolveToFixPoint] #num_loops=1 #num_dual_strengthening=1 
  3.81e-04s  0.00e+00d  [MergeNoOverlap] 
  2.34e-04s  0.00e+00d  [MergeNoOverlap2D] 
  1.91e-02s  0.00e+00d  [operations_research::sat::CpModelPresolver::ExpandObjective] #entries=900'984 #tight_variables=17'304 #tight_constraints=462 

Presolve summary:
  - 0 affine relations were detected.
  - rule 'TODO dual: only one blocking constraint?' was applied 27 times.
  - rule 'all_diff: expanded' was applied 4 times.
  - rule 'deductions: 36680 stored' was applied 1 time.
  - rule 'dual: make encoding equiv' was applied 7'680 times.
  - rule 'duplicate: merged rhs of linear constraint' was applied 3 times.
  - rule 'duplicate: removed constraint' was applied 3 times.
  - rule 'element: expanded value element' was applied 42 times.
  - rule 'element: reduce target domain' was applied 42 times.
  - rule 'linear: reduced variable domains' was applied 9 times.
  - rule 'linear: variable substitution 1' was applied 3 times.
  - rule 'new_bool: integer encoding' was applied 18'340 times.
  - rule 'presolve: 0 unused variables removed.' was applied 1 time.
  - rule 'presolve: iteration' was applied 3 times.
  - rule 'table: expanded positive constraint with two variables' was applied 4 times.
  - rule 'variables: add encoding constraint' was applied 18'340 times.

Presolved optimization model '': (model_fingerprint: 0x63396de903814820)
#Variables: 18'483 (#ints: 3 in objective) (18'021 primary variables)
  - 18'340 Booleans in [0,1]
  - 42 in [0,9]
  - 56 in [0,19]
  - 3 in [0,63]
  - 42 in [0,399]
#kAtMostOne: 80 (#literals: 1'120)
#kBoolAnd: 16 (#enforced: 16) (#literals: 32)
#kBoolOr: 144 (#literals: 496)
#kExactlyOne: 420 (#literals: 17'220)
#kLinear1: 36'680 (#enforced: 36'680)
#kLinear3: 42
#kLinearN: 3 (#terms: 45)

Preloading model.
#Bound   2.43s best:inf   next:[0,189]    initial_domain
The solution hint is incomplete: 1176 out of 18483 non fixed variables hinted.

Starting search at 2.43s with 1 workers.
1 full problem subsolver: [main]

[Encoding] 280 literals associated to VAR >= value, and 0 half-associations.
[Encoding] 18340 literals associated to VAR == value, and 0 half-associations.
[Encoding] num_fully_encoded_variables:140
[Precedences] num_relations=0 num_clauses=18624
[Precedences] Added 1292 GreaterThanAtLeastOneOf() constraints.
[Probing] deterministic_time: 1 (limit: 1) wall_time: 0.380903 (Aborted 4671/36260)
[Probing]  - new binary clause: 112'016
[EncodingLinearRelaxation] #tight_equality:0 #loose_equality:0 #inequality:140
[LinearRelaxationBeforeCliqueExpansion] #linear:325 #at_most_ones:500
[FinalLinearRelaxation] #linear:45 #cut_generators:0
Initial num_bool: 36260

Starting subsolver 'main' hint search at 3.20s
#1       3.21s best:0     next:[]         main [hint]
Starting subsolver 'main' search at 3.21s

Task timing           n [     min,      max]      avg      dev     time         n [     min,      max]      avg      dev    dtime
      'main':         1 [774.16ms, 774.16ms] 774.16ms   0.00ns 774.16ms         1 [   1.61s,    1.61s]    1.61s   0.00ns    1.61s

Search stats     Bools  Conflicts  Branches  Restarts  BacktrackToRoot  Backtrack  BoolPropag  IntegerPropag
       'main':  36'260          0     9'430         0            9'343      9'343   9'446'506        198'611

SAT formula    Fixed  Equiv   Total  VarLeft  BinaryClauses  PermanentClauses  TemporaryClauses
      'main':      0     12  36'260   36'248        169'484            18'624                 0

SAT stats    ClassicMinim  LitRemoved  LitRemovedBinary  LitLearned  LitForgotten  Subsumed
    'main':             0           0                 0           0             0         0

Vivification    Clauses  Decisions  LitTrue  Subsumed  LitRemoved  DecisionReused  Conflicts
       'main':        0          0        0         0           0               0          0

Clause deletion    at_true  l_and_not(l)  to_binary  sub_conflict  sub_extra  sub_decisions  sub_eager  sub_vivify  sub_probing  sub_inpro  blocked  eliminated  forgotten  promoted  conflicts
          'main':        0             0          0             0          0              0          0           0            0          0        0           0          0         0          0

Lp stats    Component  Iterations  AddedCuts  OPTIMAL  DUAL_F.  DUAL_U.
   'main':         17           0          0      209        0        0

Lp dimension    Final dimension of first component
       'main':        0 rows, 7 columns, 0 entries

Lp debug    CutPropag  CutEqPropag  Adjust  Overflow  Bad  BadScaling
   'main':          0            0       0         0    0           0

Lp pool    Constraints  Updates  Simplif  Merged  Shortened  Split  Strengthened  Cuts/Call
  'main':           45        0        0       0          0      0             0        0/0

Solutions (1)    Num   Rank
        'main':    2  [0,1]

Objective bounds     Num
  'initial_domain':    1

Solution repositories    Added  Queried  Synchro
    'alternative_path':      0        0        0
      'best_solutions':      1        0        1
   'fj solution hints':      0        0        0

LRAT_status: NA
CpSolverResponse summary:
status: OPTIMAL
objective: 0
best_bound: 0
integers: 144
booleans: 36260
conflicts: 0
branches: 9430
propagations: 9446506
integer_propagations: 198611
restarts: 0
lp_iterations: 0
walltime: 3.21365
usertime: 3.21365
deterministic_time: 4.72567
gap_integral: 0
solution_fingerprint: 0xf5cb7ce820738bf9

TAP status=OPTIMAL bound=0.0 obj=0.0 elapsed=3.2s
  slice swaps>=0 status=OPTIMAL obj=0.0
slice gaps[15,18) gates=4 incumbent_lb=2 budget=40s

Starting CP-SAT solver v9.15.6755
Parameters: max_time_in_seconds: 40 max_memory_in_mb: 4096 log_search_progress: true num_search_workers: 1 symmetry_level: 0 log_to_stdout: true

Initial optimization model '': (model_fingerprint: 0xf80871640c8c8720)
#Variables: 146 (#ints: 3 in objective) (101 primary variables)
  - 56 in [0,19]
  - 42 in [0,20]
  - 6 in [0,280]
  - 42 in [0,399]
#kAllDiff: 4
#kElement: 42
#kLinear2: 6
#kLinear3: 42
#kLinearN: 3 (#terms: 45)
#kTable: 4

Starting presolve at 0.00s
The solution hint is incomplete: 56 out of 146 non fixed variables hinted.
  4.23e-05s  0.00e+00d  [DetectDominanceRelations] 
  1.04e-02s  0.00e+00d  [operations_research::sat::CpModelPresolver::PresolveToFixPoint] #num_loops=3 #num_dual_strengthening=1 
  3.70e-06s  0.00e+00d  [operations_research::sat::CpModelPresolver::ExtractEncodingFromLinear] 
[SAT presolve] num removable Booleans: 0 / 18'340
[SAT presolve] num trivial clauses: 0
[SAT presolve] [0s] clauses:160 literals:528 vars:160 one_side_vars:0 simple_definition:160 singleton_clauses:0
[SAT presolve] [8.08e-05s] clauses:160 literals:528 vars:160 one_side_vars:0 simple_definition:160 singleton_clauses:0
[SAT presolve] [0.0005446s] clauses:160 literals:528 vars:160 one_side_vars:0 simple_definition:160 singleton_clauses:0
  3.39e-03s  0.00e+00d  [operations_research::sat::CpModelPresolver::DetectDuplicateConstraintsWithDifferentEnforcements] 
  3.68e-01s  1.00e+00d *[operations_research::sat::CpModelPresolver::Probe] #probed=9'232 #new_bounds=1 #new_binary_clauses=119'835 
  4.05e-03s  1.50e-02d  [MaxClique] 
  6.54e-03s  0.00e+00d  [DetectDominanceRelations] 
  2.13e-01s  0.00e+00d  [operations_research::sat::CpModelPresolver::PresolveToFixPoint] #num_loops=2 #num_dual_strengthening=1 
  3.58e-03s  0.00e+00d  [operations_research::sat::CpModelPresolver::ProcessAtMostOneAndLinear] 
  2.75e-03s  0.00e+00d  [operations_research::sat::CpModelPresolver::DetectDuplicateConstraints] #duplicates=3 
  2.94e-03s  0.00e+00d  [operations_research::sat::CpModelPresolver::DetectDuplicateConstraintsWithDifferentEnforcements] 
  8.23e-04s  5.34e-07d  [operations_research::sat::CpModelPresolver::DetectDominatedLinearConstraints] #relevant_constraints=48 
  4.27e-04s  0.00e+00d  [operations_research::sat::CpModelPresolver::DetectDifferentVariables] 
  3.38e-03s  5.70e-05d  [operations_research::sat::CpModelPresolver::ProcessSetPPC] #relevant_constraints=660 #num_inclusions=16 
  4.12e-03s  8.06e-06d  [operations_research::sat::CpModelPresolver::TransformClausesToExactlyOne] #num_amos=96 #num_clauses=144 #num_checked=144 
  3.01e-02s  0.00e+00d  [operations_research::sat::CpModelPresolver::DetectEncodedComplexDomains] 
  1.49e-03s  0.00e+00d  [operations_research::sat::CpModelPresolver::FindAlmostIdenticalLinearConstraints] 
  4.13e-02s  2.39e-02d  [operations_research::sat::CpModelPresolver::FindBigAtMostOneAndLinearOverlap] 
  1.88e-03s  4.67e-04d  [operations_research::sat::CpModelPresolver::FindBigVerticalLinearOverlap] 
  3.78e-04s  2.25e-07d  [operations_research::sat::CpModelPresolver::FindBigHorizontalLinearOverlap] #linears=3 
  5.31e-04s  2.48e-06d  [operations_research::sat::CpModelPresolver::MergeClauses] 
  5.29e-03s  0.00e+00d  [DetectDominanceRelations] 
  9.38e-02s  0.00e+00d  [operations_research::sat::CpModelPresolver::PresolveToFixPoint] #num_loops=1 #num_dual_strengthening=1 
  4.67e-03s  0.00e+00d  [DetectDominanceRelations] 
  8.74e-02s  0.00e+00d  [operations_research::sat::CpModelPresolver::PresolveToFixPoint] #num_loops=1 #num_dual_strengthening=1 
[SAT presolve] num removable Booleans: 0 / 18'340
[SAT presolve] num trivial clauses: 0
[SAT presolve] [0s] clauses:160 literals:528 vars:160 one_side_vars:0 simple_definition:160 singleton_clauses:0
[SAT presolve] [5.63e-05s] clauses:160 literals:528 vars:160 one_side_vars:0 simple_definition:160 singleton_clauses:0
[SAT presolve] [0.0006477s] clauses:160 literals:528 vars:160 one_side_vars:0 simple_definition:160 singleton_clauses:0
  2.23e-03s  0.00e+00d  [operations_research::sat::CpModelPresolver::DetectDuplicateConstraintsWithDifferentEnforcements] 
  3.34e-01s  1.00e+00d *[operations_research::sat::CpModelPresolver::Probe] #probed=9'234 #new_binary_clauses=119'843 
  5.03e-03s  1.50e-02d  [MaxClique] 
  6.85e-03s  0.00e+00d  [DetectDominanceRelations] 
  1.24e-01s  0.00e+00d  [operations_research::sat::CpModelPresolver::PresolveToFixPoint] #num_loops=1 #num_dual_strengthening=1 
  3.74e-03s  0.00e+00d  [operations_research::sat::CpModelPresolver::ProcessAtMostOneAndLinear] 
  3.20e-03s  0.00e+00d  [operations_research::sat::CpModelPresolver::DetectDuplicateConstraints] 
  3.89e-03s  0.00e+00d  [operations_research::sat::CpModelPresolver::DetectDuplicateConstraintsWithDifferentEnforcements] 
  9.96e-04s  5.20e-07d  [operations_research::sat::CpModelPresolver::DetectDominatedLinearConstraints] #relevant_constraints=46 
  8.06e-04s  0.00e+00d  [operations_research::sat::CpModelPresolver::DetectDifferentVariables] 
  3.19e-03s  5.70e-05d  [operations_research::sat::CpModelPresolver::ProcessSetPPC] #relevant_constraints=660 #num_inclusions=16 
  4.26e-03s  8.06e-06d  [operations_research::sat::CpModelPresolver::TransformClausesToExactlyOne] #num_amos=96 #num_clauses=144 #num_checked=144 
  3.25e-02s  0.00e+00d  [operations_research::sat::CpModelPresolver::DetectEncodedComplexDomains] 
  1.53e-03s  0.00e+00d  [operations_research::sat::CpModelPresolver::FindAlmostIdenticalLinearConstraints] 
  4.35e-02s  2.39e-02d  [operations_research::sat::CpModelPresolver::FindBigAtMostOneAndLinearOverlap] 
  4.50e-03s  4.67e-04d  [operations_research::sat::CpModelPresolver::FindBigVerticalLinearOverlap] 
  8.74e-04s  2.25e-07d  [operations_research::sat::CpModelPresolver::FindBigHorizontalLinearOverlap] #linears=3 
  8.67e-04s  2.48e-06d  [operations_research::sat::CpModelPresolver::MergeClauses] 
  6.13e-03s  0.00e+00d  [DetectDominanceRelations] 
  1.36e-01s  0.00e+00d  [operations_research::sat::CpModelPresolver::PresolveToFixPoint] #num_loops=1 #num_dual_strengthening=1 
  7.06e-03s  0.00e+00d  [DetectDominanceRelations] 
  1.18e-01s  0.00e+00d  [operations_research::sat::CpModelPresolver::PresolveToFixPoint] #num_loops=1 #num_dual_strengthening=1 
[SAT presolve] num removable Booleans: 0 / 18'340
[SAT presolve] num trivial clauses: 0
[SAT presolve] [0s] clauses:160 literals:528 vars:160 one_side_vars:0 simple_definition:160 singleton_clauses:0
[SAT presolve] [0.0001s] clauses:160 literals:528 vars:160 one_side_vars:0 simple_definition:160 singleton_clauses:0
[SAT presolve] [0.000549s] clauses:160 literals:528 vars:160 one_side_vars:0 simple_definition:160 singleton_clauses:0
  2.53e-03s  0.00e+00d  [operations_research::sat::CpModelPresolver::DetectDuplicateConstraintsWithDifferentEnforcements] 
  3.55e-01s  1.00e+00d *[operations_research::sat::CpModelPresolver::Probe] #probed=9'234 #new_binary_clauses=119'843 
  4.66e-03s  1.50e-02d  [MaxClique] 
  6.85e-03s  0.00e+00d  [DetectDominanceRelations] 
  1.10e-01s  0.00e+00d  [operations_research::sat::CpModelPresolver::PresolveToFixPoint] #num_loops=1 #num_dual_strengthening=1 
  3.64e-03s  0.00e+00d  [operations_research::sat::CpModelPresolver::ProcessAtMostOneAndLinear] 
  2.34e-03s  0.00e+00d  [operations_research::sat::CpModelPresolver::DetectDuplicateConstraints] 
  2.29e-03s  0.00e+00d  [operations_research::sat::CpModelPresolver::DetectDuplicateConstraintsWithDifferentEnforcements] 
  9.99e-04s  5.20e-07d  [operations_research::sat::CpModelPresolver::DetectDominatedLinearConstraints] #relevant_constraints=46 
  7.81e-04s  0.00e+00d  [operations_research::sat::CpModelPresolver::DetectDifferentVariables] 
  3.44e-03s  5.70e-05d  [operations_research::sat::CpModelPresolver::ProcessSetPPC] #relevant_constraints=660 #num_inclusions=16 
  3.35e-03s  8.06e-06d  [operations_research::sat::CpModelPresolver::TransformClausesToExactlyOne] #num_amos=96 #num_clauses=144 #num_checked=144 
  2.90e-02s  0.00e+00d  [operations_research::sat::CpModelPresolver::DetectEncodedComplexDomains] 
  8.36e-04s  0.00e+00d  [operations_research::sat::CpModelPresolver::FindAlmostIdenticalLinearConstraints] 
  3.20e-02s  2.39e-02d  [operations_research::sat::CpModelPresolver::FindBigAtMostOneAndLinearOverlap] 
  1.98e-03s  4.67e-04d  [operations_research::sat::CpModelPresolver::FindBigVerticalLinearOverlap] 
  4.27e-04s  2.25e-07d  [operations_research::sat::CpModelPresolver::FindBigHorizontalLinearOverlap] #linears=3 
  7.99e-04s  2.48e-06d  [operations_research::sat::CpModelPresolver::MergeClauses] 
  6.54e-03s  0.00e+00d  [DetectDominanceRelations] 
  1.05e-01s  0.00e+00d  [operations_research::sat::CpModelPresolver::PresolveToFixPoint] #num_loops=1 #num_dual_strengthening=1 
  2.16e-04s  0.00e+00d  [MergeNoOverlap] 
  1.95e-04s  0.00e+00d  [MergeNoOverlap2D] 
  1.52e-02s  0.00e+00d  [operations_research::sat::CpModelPresolver::ExpandObjective] #entries=900'998 #tight_variables=17'305 #tight_constraints=463 

Presolve summary:
  - 0 affine relations were detected.
  - rule 'TODO dual: only one blocking constraint?' was applied 27 times.
  - rule 'all_diff: expanded' was applied 4 times.
  - rule 'deductions: 36680 stored' was applied 1 time.
  - rule 'dual: make encoding equiv' was applied 7'680 times.
  - rule 'duplicate: merged rhs of linear constraint' was applied 3 times.
  - rule 'duplicate: removed constraint' was applied 3 times.
  - rule 'element: expanded value element' was applied 42 times.
  - rule 'element: reduce target domain' was applied 42 times.
  - rule 'linear: reduced variable domains' was applied 9 times.
  - rule 'linear: variable substitution 1' was applied 2 times.
  - rule 'new_bool: integer encoding' was applied 18'340 times.
  - rule 'presolve: 0 unused variables removed.' was applied 1 time.
  - rule 'presolve: iteration' was applied 3 times.
  - rule 'table: expanded positive constraint with two variables' was applied 4 times.
  - rule 'variables: add encoding constraint' was applied 18'340 times.

Presolved optimization model '': (model_fingerprint: 0x436a39f04739db29)
#Variables: 18'484 (#ints: 3 in objective) (18'021 primary variables)
  - 18'340 Booleans in [0,1]
  - 42 in [0,9]
  - 56 in [0,19]
  - 3 in [0,63]
  - 1 in [0,125]
  - 42 in [0,399]
#kAtMostOne: 80 (#literals: 1'120)
#kBoolAnd: 16 (#enforced: 16) (#literals: 32)
#kBoolOr: 144 (#literals: 496)
#kExactlyOne: 420 (#literals: 17'220)
#kLinear1: 36'680 (#enforced: 36'680)
#kLinear2: 1
#kLinear3: 42
#kLinearN: 3 (#terms: 45)

Preloading model.
#Bound   2.50s best:inf   next:[0,189]    initial_domain
The solution hint is incomplete: 1176 out of 18484 non fixed variables hinted.

Starting search at 2.50s with 1 workers.
1 full problem subsolver: [main]

[Encoding] 280 literals associated to VAR >= value, and 0 half-associations.
[Encoding] 18340 literals associated to VAR == value, and 0 half-associations.
[Encoding] num_fully_encoded_variables:140
[Precedences] num_relations=0 num_clauses=18624
[Precedences] Added 1292 GreaterThanAtLeastOneOf() constraints.
[Probing] deterministic_time: 1.00017 (limit: 1) wall_time: 0.362279 (Aborted 4579/36260)
[Probing]  - new binary clause: 119'376
[EncodingLinearRelaxation] #tight_equality:0 #loose_equality:0 #inequality:140
[LinearRelaxationBeforeCliqueExpansion] #linear:326 #at_most_ones:500
[FinalLinearRelaxation] #linear:46 #cut_generators:0
Initial num_bool: 36260

Starting subsolver 'main' hint search at 3.24s
#1       3.25s best:2     next:[0,1]      main [hint]
Starting subsolver 'main' search at 3.25s
#2       4.50s best:0     next:[]         main
#Done    4.51s main

Task timing           n [     min,      max]      avg      dev     time         n [     min,      max]      avg      dev    dtime
      'main':         1 [   2.01s,    2.01s]    2.01s   0.00ns    2.01s         1 [   4.43s,    4.43s]    4.43s   0.00ns    4.43s

Search stats     Bools  Conflicts  Branches  Restarts  BacktrackToRoot  Backtrack  BoolPropag  IntegerPropag
       'main':  36'260         42    33'708         0           13'895     27'970  28'603'317        725'392

SAT formula    Fixed  Equiv   Total  VarLeft  BinaryClauses  PermanentClauses  TemporaryClauses
      'main':  5'670    253  36'260   30'337        167'640            18'215                31

SAT stats    ClassicMinim  LitRemoved  LitRemovedBinary  LitLearned  LitForgotten  Subsumed
    'main':            22         302               722       3'404             0         0

Vivification    Clauses  Decisions  LitTrue  Subsumed  LitRemoved  DecisionReused  Conflicts
       'main':    4'600      9'200        0         0           0               0          0

Clause deletion    at_true  l_and_not(l)  to_binary  sub_conflict  sub_extra  sub_decisions  sub_eager  sub_vivify  sub_probing  sub_inpro  blocked  eliminated  forgotten  promoted  conflicts
          'main':       42             0        378             0          0              0          0           0            0          0        0           0          0        34         42

Lp stats    Component  Iterations  AddedCuts  OPTIMAL  DUAL_F.  DUAL_U.
   'main':         17         116          0    2'659        0        0

Lp dimension    Final dimension of first component
       'main':        3 rows, 7 columns, 9 entries

Lp debug    CutPropag  CutEqPropag  Adjust  Overflow  Bad  BadScaling
   'main':          0            0       0         0    0           0

Lp pool    Constraints  Updates  Simplif  Merged  Shortened  Split  Strengthened  Cuts/Call
  'main':           46        0        0       0          0      0             0        0/0

Solutions (2)    Num   Rank
        'main':    4  [0,2]

Objective bounds     Num
  'initial_domain':    1

Solution repositories    Added  Queried  Synchro
    'alternative_path':      1        0        1
      'best_solutions':     13        0        2
   'fj solution hints':      0        0        0

LRAT_status: NA
CpSolverResponse summary:
status: OPTIMAL
objective: 0
best_bound: 0
integers: 145
booleans: 36260
conflicts: 42
branches: 33708
propagations: 28603317
integer_propagations: 725392
restarts: 0
lp_iterations: 116
walltime: 4.51475
usertime: 4.51475
deterministic_time: 7.55402
gap_integral: 0
solution_fingerprint: 0xecb9cee6f3e8127c

TAP status=OPTIMAL bound=0.0 obj=0.0 elapsed=4.5s
  slice swaps>=0 status=OPTIMAL obj=0.0
slice gaps[18,21) gates=4 incumbent_lb=3 budget=40s

Starting CP-SAT solver v9.15.6755
Parameters: max_time_in_seconds: 40 max_memory_in_mb: 4096 log_search_progress: true num_search_workers: 1 symmetry_level: 0 log_to_stdout: true

Initial optimization model '': (model_fingerprint: 0xba4211225f36259e)
#Variables: 146 (#ints: 3 in objective) (101 primary variables)
  - 56 in [0,19]
  - 42 in [0,20]
  - 6 in [0,280]
  - 42 in [0,399]
#kAllDiff: 4
#kElement: 42
#kLinear2: 6
#kLinear3: 42
#kLinearN: 3 (#terms: 45)
#kTable: 4

Starting presolve at 0.00s
The solution hint is incomplete: 56 out of 146 non fixed variables hinted.
  4.21e-05s  0.00e+00d  [DetectDominanceRelations] 
  7.58e-03s  0.00e+00d  [operations_research::sat::CpModelPresolver::PresolveToFixPoint] #num_loops=3 #num_dual_strengthening=1 
  4.10e-06s  0.00e+00d  [operations_research::sat::CpModelPresolver::ExtractEncodingFromLinear] 
[SAT presolve] num removable Booleans: 0 / 18'340
[SAT presolve] num trivial clauses: 0
[SAT presolve] [0s] clauses:160 literals:528 vars:160 one_side_vars:0 simple_definition:160 singleton_clauses:0
[SAT presolve] [0.0001089s] clauses:160 literals:528 vars:160 one_side_vars:0 simple_definition:160 singleton_clauses:0
[SAT presolve] [0.0006724s] clauses:160 literals:528 vars:160 one_side_vars:0 simple_definition:160 singleton_clauses:0
  2.06e-03s  0.00e+00d  [operations_research::sat::CpModelPresolver::DetectDuplicateConstraintsWithDifferentEnforcements] 
  3.10e-01s  1.00e+00d *[operations_research::sat::CpModelPresolver::Probe] #probed=9'386 #new_binary_clauses=112'222 
  3.68e-03s  1.43e-02d  [MaxClique] 
  5.32e-03s  0.00e+00d  [DetectDominanceRelations] 
  1.72e-01s  0.00e+00d  [operations_research::sat::CpModelPresolver::PresolveToFixPoint] #num_loops=2 #num_dual_strengthening=1 
  2.55e-03s  0.00e+00d  [operations_research::sat::CpModelPresolver::ProcessAtMostOneAndLinear] 
  2.06e-03s  0.00e+00d  [operations_research::sat::CpModelPresolver::DetectDuplicateConstraints] #duplicates=3 
  2.15e-03s  0.00e+00d  [operations_research::sat::CpModelPresolver::DetectDuplicateConstraintsWithDifferentEnforcements] 
  6.25e-04s  5.34e-07d  [operations_research::sat::CpModelPresolver::DetectDominatedLinearConstraints] #relevant_constraints=48 
  2.98e-04s  0.00e+00d  [operations_research::sat::CpModelPresolver::DetectDifferentVariables] 
  2.08e-03s  5.70e-05d  [operations_research::sat::CpModelPresolver::ProcessSetPPC] #relevant_constraints=660 #num_inclusions=16 
  1.80e-03s  8.06e-06d  [operations_research::sat::CpModelPresolver::TransformClausesToExactlyOne] #num_amos=96 #num_clauses=144 #num_checked=144 
  2.07e-02s  0.00e+00d  [operations_research::sat::CpModelPresolver::DetectEncodedComplexDomains] 
  1.02e-03s  0.00e+00d  [operations_research::sat::CpModelPresolver::FindAlmostIdenticalLinearConstraints] 
  3.13e-02s  2.39e-02d  [operations_research::sat::CpModelPresolver::FindBigAtMostOneAndLinearOverlap] 
  2.10e-03s  4.67e-04d  [operations_research::sat::CpModelPresolver::FindBigVerticalLinearOverlap] 
  3.70e-04s  2.25e-07d  [operations_research::sat::CpModelPresolver::FindBigHorizontalLinearOverlap] #linears=3 
  5.29e-04s  2.48e-06d  [operations_research::sat::CpModelPresolver::MergeClauses] 
  7.71e-03s  0.00e+00d  [DetectDominanceRelations] 
  9.86e-02s  0.00e+00d  [operations_research::sat::CpModelPresolver::PresolveToFixPoint] #num_loops=1 #num_dual_strengthening=1 
  5.20e-03s  0.00e+00d  [DetectDominanceRelations] 
  8.81e-02s  0.00e+00d  [operations_research::sat::CpModelPresolver::PresolveToFixPoint] #num_loops=1 #num_dual_strengthening=1 
[SAT presolve] num removable Booleans: 0 / 18'340
[SAT presolve] num trivial clauses: 0
[SAT presolve] [0s] clauses:160 literals:528 vars:160 one_side_vars:0 simple_definition:160 singleton_clauses:0
[SAT presolve] [6.28e-05s] clauses:160 literals:528 vars:160 one_side_vars:0 simple_definition:160 singleton_clauses:0
[SAT presolve] [0.0004728s] clauses:160 literals:528 vars:160 one_side_vars:0 simple_definition:160 singleton_clauses:0
  2.04e-03s  0.00e+00d  [operations_research::sat::CpModelPresolver::DetectDuplicateConstraintsWithDifferentEnforcements] 
  2.99e-01s  1.00e+00d *[operations_research::sat::CpModelPresolver::Probe] #probed=9'394 #new_binary_clauses=112'473 
  3.43e-03s  1.44e-02d  [MaxClique] 
  6.32e-03s  0.00e+00d  [DetectDominanceRelations] 
  9.31e-02s  0.00e+00d  [operations_research::sat::CpModelPresolver::PresolveToFixPoint] #num_loops=1 #num_dual_strengthening=1 
  2.71e-03s  0.00e+00d  [operations_research::sat::CpModelPresolver::ProcessAtMostOneAndLinear] 
  1.99e-03s  0.00e+00d  [operations_research::sat::CpModelPresolver::DetectDuplicateConstraints] 
  2.29e-03s  0.00e+00d  [operations_research::sat::CpModelPresolver::DetectDuplicateConstraintsWithDifferentEnforcements] 
  6.29e-04s  5.13e-07d  [operations_research::sat::CpModelPresolver::DetectDominatedLinearConstraints] #relevant_constraints=45 
  3.41e-04s  0.00e+00d  [operations_research::sat::CpModelPresolver::DetectDifferentVariables] 
  2.06e-03s  5.70e-05d  [operations_research::sat::CpModelPresolver::ProcessSetPPC] #relevant_constraints=660 #num_inclusions=16 
  1.73e-03s  8.06e-06d  [operations_research::sat::CpModelPresolver::TransformClausesToExactlyOne] #num_amos=96 #num_clauses=144 #num_checked=144 
  1.90e-02s  0.00e+00d  [operations_research::sat::CpModelPresolver::DetectEncodedComplexDomains] 
  1.06e-03s  0.00e+00d  [operations_research::sat::CpModelPresolver::FindAlmostIdenticalLinearConstraints] 
  3.07e-02s  2.39e-02d  [operations_research::sat::CpModelPresolver::FindBigAtMostOneAndLinearOverlap] 
  2.26e-03s  4.67e-04d  [operations_research::sat::CpModelPresolver::FindBigVerticalLinearOverlap] 
  6.02e-04s  2.25e-07d  [operations_research::sat::CpModelPresolver::FindBigHorizontalLinearOverlap] #linears=3 
  6.66e-04s  2.48e-06d  [operations_research::sat::CpModelPresolver::MergeClauses] 
  4.50e-03s  0.00e+00d  [DetectDominanceRelations] 
  8.94e-02s  0.00e+00d  [operations_research::sat::CpModelPresolver::PresolveToFixPoint] #num_loops=1 #num_dual_strengthening=1 
  4.73e-03s  0.00e+00d  [DetectDominanceRelations] 
  8.52e-02s  0.00e+00d  [operations_research::sat::CpModelPresolver::PresolveToFixPoint] #num_loops=1 #num_dual_strengthening=1 
[SAT presolve] num removable Booleans: 0 / 18'340
[SAT presolve] num trivial clauses: 0
[SAT presolve] [0s] clauses:160 literals:528 vars:160 one_side_vars:0 simple_definition:160 singleton_clauses:0
[SAT presolve] [7.6e-05s] clauses:160 literals:528 vars:160 one_side_vars:0 simple_definition:160 singleton_clauses:0
[SAT presolve] [0.0004481s] clauses:160 literals:528 vars:160 one_side_vars:0 simple_definition:160 singleton_clauses:0
  2.76e-03s  0.00e+00d  [operations_research::sat::CpModelPresolver::DetectDuplicateConstraintsWithDifferentEnforcements] 
  2.95e-01s  1.00e+00d *[operations_research::sat::CpModelPresolver::Probe] #probed=9'394 #new_binary_clauses=112'473 
  3.98e-03s  1.44e-02d  [MaxClique] 
  7.92e-03s  0.00e+00d  [DetectDominanceRelations] 
  1.20e-01s  0.00e+00d  [operations_research::sat::CpModelPresolver::PresolveToFixPoint] #num_loops=1 #num_dual_strengthening=1 
  4.33e-03s  0.00e+00d  [operations_research::sat::CpModelPresolver::ProcessAtMostOneAndLinear] 
  2.90e-03s  0.00e+00d  [operations_research::sat::CpModelPresolver::DetectDuplicateConstraints] 
  2.74e-03s  0.00e+00d  [operations_research::sat::CpModelPresolver::DetectDuplicateConstraintsWithDifferentEnforcements] 
  9.59e-04s  5.13e-07d  [operations_research::sat::CpModelPresolver::DetectDominatedLinearConstraints] #relevant_constraints=45 
  5.84e-04s  0.00e+00d  [operations_research::sat::CpModelPresolver::DetectDifferentVariables] 
  2.48e-03s  5.70e-05d  [operations_research::sat::CpModelPresolver::ProcessSetPPC] #relevant_constraints=660 #num_inclusions=16 
  1.89e-03s  8.06e-06d  [operations_research::sat::CpModelPresolver::TransformClausesToExactlyOne] #num_amos=96 #num_clauses=144 #num_checked=144 
  1.81e-02s  0.00e+00d  [operations_research::sat::CpModelPresolver::DetectEncodedComplexDomains] 
  7.44e-04s  0.00e+00d  [operations_research::sat::CpModelPresolver::FindAlmostIdenticalLinearConstraints] 
  3.08e-02s  2.39e-02d  [operations_research::sat::CpModelPresolver::FindBigAtMostOneAndLinearOverlap] 
  2.78e-03s  4.67e-04d  [operations_research::sat::CpModelPresolver::FindBigVerticalLinearOverlap] 
  8.19e-04s  2.25e-07d  [operations_research::sat::CpModelPresolver::FindBigHorizontalLinearOverlap] #linears=3 
  9.08e-04s  2.48e-06d  [operations_research::sat::CpModelPresolver::MergeClauses] 
  5.56e-03s  0.00e+00d  [DetectDominanceRelations] 
  9.31e-02s  0.00e+00d  [operations_research::sat::CpModelPresolver::PresolveToFixPoint] #num_loops=1 #num_dual_strengthening=1 
  1.87e-04s  0.00e+00d  [MergeNoOverlap] 
  1.87e-04s  0.00e+00d  [MergeNoOverlap2D] 
  1.75e-02s  0.00e+00d  [operations_research::sat::CpModelPresolver::ExpandObjective] #entries=900'984 #tight_variables=17'304 #tight_constraints=462 

Presolve summary:
  - 0 affine relations were detected.
  - rule 'TODO dual: only one blocking constraint?' was applied 27 times.
  - rule 'all_diff: expanded' was applied 4 times.
  - rule 'deductions: 36680 stored' was applied 1 time.
  - rule 'dual: make encoding equiv' was applied 7'680 times.
  - rule 'duplicate: merged rhs of linear constraint' was applied 3 times.
  - rule 'duplicate: removed constraint' was applied 3 times.
  - rule 'element: expanded value element' was applied 42 times.
  - rule 'element: reduce target domain' was applied 42 times.
  - rule 'linear: reduced variable domains' was applied 9 times.
  - rule 'linear: variable substitution 1' was applied 3 times.
  - rule 'new_bool: integer encoding' was applied 18'340 times.
  - rule 'presolve: 0 unused variables removed.' was applied 1 time.
  - rule 'presolve: iteration' was applied 3 times.
  - rule 'table: expanded positive constraint with two variables' was applied 4 times.
  - rule 'variables: add encoding constraint' was applied 18'340 times.

Presolved optimization model '': (model_fingerprint: 0x967a344b111f72)
#Variables: 18'483 (#ints: 3 in objective) (18'021 primary variables)
  - 18'340 Booleans in [0,1]
  - 42 in [0,9]
  - 56 in [0,19]
  - 3 in [0,63]
  - 42 in [0,399]
#kAtMostOne: 80 (#literals: 1'120)
#kBoolAnd: 16 (#enforced: 16) (#literals: 32)
#kBoolOr: 144 (#literals: 496)
#kExactlyOne: 420 (#literals: 17'220)
#kLinear1: 36'680 (#enforced: 36'680)
#kLinear3: 42
#kLinearN: 3 (#terms: 45)

Preloading model.
#Bound   2.10s best:inf   next:[0,189]    initial_domain
The solution hint is incomplete: 1176 out of 18483 non fixed variables hinted.

Starting search at 2.10s with 1 workers.
1 full problem subsolver: [main]

[Encoding] 280 literals associated to VAR >= value, and 0 half-associations.
[Encoding] 18340 literals associated to VAR == value, and 0 half-associations.
[Encoding] num_fully_encoded_variables:140
[Precedences] num_relations=0 num_clauses=18624
[Precedences] Added 1292 GreaterThanAtLeastOneOf() constraints.
[Probing] deterministic_time: 1.00008 (limit: 1) wall_time: 0.329284 (Aborted 4671/36260)
[Probing]  - new binary clause: 111'863
[EncodingLinearRelaxation] #tight_equality:0 #loose_equality:0 #inequality:140
[LinearRelaxationBeforeCliqueExpansion] #linear:325 #at_most_ones:500
[FinalLinearRelaxation] #linear:45 #cut_generators:0
Initial num_bool: 36260

Starting subsolver 'main' hint search at 2.78s
#1       2.78s best:3     next:[0,2]      main [hint]
Starting subsolver 'main' search at 2.78s
#2       3.83s best:2     next:[0,1]      main
#3       3.84s best:1     next:[0,0]      main
#4       3.84s best:0     next:[]         main
#Done    3.84s main

Task timing           n [     min,      max]      avg      dev     time         n [     min,      max]      avg      dev    dtime
      'main':         1 [   1.74s,    1.74s]    1.74s   0.00ns    1.74s         1 [   4.45s,    4.45s]    4.45s   0.00ns    4.45s

Search stats     Bools  Conflicts  Branches  Restarts  BacktrackToRoot  Backtrack  BoolPropag  IntegerPropag
       'main':  36'260         59    33'540         1           14'120     28'056  28'855'603        609'356

SAT formula     Fixed  Equiv   Total  VarLeft  BinaryClauses  PermanentClauses  TemporaryClauses
      'main':  16'740    252  36'260   19'268        163'484            18'223                37

SAT stats    ClassicMinim  LitRemoved  LitRemovedBinary  LitLearned  LitForgotten  Subsumed
    'main':            33         396               307       1'550             0         1

Vivification    Clauses  Decisions  LitTrue  Subsumed  LitRemoved  DecisionReused  Conflicts
       'main':    4'642      9'284        0         0           0               0          0

Clause deletion    at_true  l_and_not(l)  to_binary  sub_conflict  sub_extra  sub_decisions  sub_eager  sub_vivify  sub_probing  sub_inpro  blocked  eliminated  forgotten  promoted  conflicts
          'main':       42             0        378             1          0              0          0           0            0          0        0           0          0        42         59

Lp stats    Component  Iterations  AddedCuts  OPTIMAL  DUAL_F.  DUAL_U.
   'main':         17          91          0    2'029        0        0

Lp dimension    Final dimension of first component
       'main':        3 rows, 7 columns, 9 entries

Lp debug    CutPropag  CutEqPropag  Adjust  Overflow  Bad  BadScaling
   'main':          0            0       0         0    0           0

Lp pool    Constraints  Updates  Simplif  Merged  Shortened  Split  Strengthened  Cuts/Call
  'main':           45        0        3       0          3      1             0        0/0

Solutions (4)    Num   Rank
        'main':    8  [0,4]

Objective bounds     Num
  'initial_domain':    1

Solution repositories    Added  Queried  Synchro
    'alternative_path':      1        0        1
      'best_solutions':     11        0        4
   'fj solution hints':      0        0        0

LRAT_status: NA
CpSolverResponse summary:
status: OPTIMAL
objective: 0
best_bound: 0
integers: 144
booleans: 36260
conflicts: 59
branches: 33540
propagations: 28855603
integer_propagations: 609356
restarts: 1
lp_iterations: 91
walltime: 3.85232
usertime: 3.85232
deterministic_time: 7.56407
gap_integral: 0
solution_fingerprint: 0xf8b9cb29bb4010de

TAP status=OPTIMAL bound=0.0 obj=0.0 elapsed=3.9s
  slice swaps>=0 status=OPTIMAL obj=0.0
slice gaps[21,24) gates=4 incumbent_lb=4 budget=40s

Starting CP-SAT solver v9.15.6755
Parameters: max_time_in_seconds: 40 max_memory_in_mb: 4096 log_search_progress: true num_search_workers: 1 symmetry_level: 0 log_to_stdout: true

Initial optimization model '': (model_fingerprint: 0x92110f7f2f39b654)
#Variables: 146 (#ints: 3 in objective) (101 primary variables)
  - 56 in [0,19]
  - 42 in [0,20]
  - 6 in [0,280]
  - 42 in [0,399]
#kAllDiff: 4
#kElement: 42
#kLinear2: 6
#kLinear3: 42
#kLinearN: 3 (#terms: 45)
#kTable: 4

Starting presolve at 0.00s
The solution hint is incomplete: 56 out of 146 non fixed variables hinted.
  5.18e-05s  0.00e+00d  [DetectDominanceRelations] 
  8.68e-03s  0.00e+00d  [operations_research::sat::CpModelPresolver::PresolveToFixPoint] #num_loops=3 #num_dual_strengthening=1 
  4.70e-06s  0.00e+00d  [operations_research::sat::CpModelPresolver::ExtractEncodingFromLinear] 
[SAT presolve] num removable Booleans: 0 / 18'340
[SAT presolve] num trivial clauses: 0
[SAT presolve] [0s] clauses:160 literals:528 vars:160 one_side_vars:0 simple_definition:160 singleton_clauses:0
[SAT presolve] [9.17e-05s] clauses:160 literals:528 vars:160 one_side_vars:0 simple_definition:160 singleton_clauses:0
[SAT presolve] [0.0006232s] clauses:160 literals:528 vars:160 one_side_vars:0 simple_definition:160 singleton_clauses:0
  2.32e-03s  0.00e+00d  [operations_research::sat::CpModelPresolver::DetectDuplicateConstraintsWithDifferentEnforcements] 
  2.95e-01s  1.00e+00d *[operations_research::sat::CpModelPresolver::Probe] #probed=8'982 #new_bounds=1 #new_binary_clauses=119'048 
  3.56e-03s  1.53e-02d  [MaxClique] 
  6.97e-03s  0.00e+00d  [DetectDominanceRelations] 
  1.85e-01s  0.00e+00d  [operations_research::sat::CpModelPresolver::PresolveToFixPoint] #num_loops=2 #num_dual_strengthening=1 
  3.28e-03s  0.00e+00d  [operations_research::sat::CpModelPresolver::ProcessAtMostOneAndLinear] 
  3.07e-03s  0.00e+00d  [operations_research::sat::CpModelPresolver::DetectDuplicateConstraints] #duplicates=3 
  2.56e-03s  0.00e+00d  [operations_research::sat::CpModelPresolver::DetectDuplicateConstraintsWithDifferentEnforcements] 
  6.83e-04s  5.34e-07d  [operations_research::sat::CpModelPresolver::DetectDominatedLinearConstraints] #relevant_constraints=48 
  3.91e-04s  0.00e+00d  [operations_research::sat::CpModelPresolver::DetectDifferentVariables] 
  2.73e-03s  5.70e-05d  [operations_research::sat::CpModelPresolver::ProcessSetPPC] #relevant_constraints=660 #num_inclusions=16 
  3.34e-03s  8.06e-06d  [operations_research::sat::CpModelPresolver::TransformClausesToExactlyOne] #num_amos=96 #num_clauses=144 #num_checked=144 
  2.10e-02s  0.00e+00d  [operations_research::sat::CpModelPresolver::DetectEncodedComplexDomains] 
  9.97e-04s  0.00e+00d  [operations_research::sat::CpModelPresolver::FindAlmostIdenticalLinearConstraints] 
  2.97e-02s  2.39e-02d  [operations_research::sat::CpModelPresolver::FindBigAtMostOneAndLinearOverlap] 
  2.48e-03s  4.67e-04d  [operations_research::sat::CpModelPresolver::FindBigVerticalLinearOverlap] 
  6.19e-04s  2.25e-07d  [operations_research::sat::CpModelPresolver::FindBigHorizontalLinearOverlap] #linears=3 
  5.71e-04s  2.48e-06d  [operations_research::sat::CpModelPresolver::MergeClauses] 
  4.73e-03s  0.00e+00d  [DetectDominanceRelations] 
  8.58e-02s  0.00e+00d  [operations_research::sat::CpModelPresolver::PresolveToFixPoint] #num_loops=1 #num_dual_strengthening=1 
  6.33e-03s  0.00e+00d  [DetectDominanceRelations] 
  9.40e-02s  0.00e+00d  [operations_research::sat::CpModelPresolver::PresolveToFixPoint] #num_loops=1 #num_dual_strengthening=1 
[SAT presolve] num removable Booleans: 0 / 18'340
[SAT presolve] num trivial clauses: 0
[SAT presolve] [0s] clauses:160 literals:528 vars:160 one_side_vars:0 simple_definition:160 singleton_clauses:0
[SAT presolve] [7.66e-05s] clauses:160 literals:528 vars:160 one_side_vars:0 simple_definition:160 singleton_clauses:0
[SAT presolve] [0.0004788s] clauses:160 literals:528 vars:160 one_side_vars:0 simple_definition:160 singleton_clauses:0
  3.03e-03s  0.00e+00d  [operations_research::sat::CpModelPresolver::DetectDuplicateConstraintsWithDifferentEnforcements] 
  2.99e-01s  1.00e+00d *[operations_research::sat::CpModelPresolver::Probe] #probed=8'986 #new_binary_clauses=119'076 
  4.36e-03s  1.53e-02d  [MaxClique] 
  5.95e-03s  0.00e+00d  [DetectDominanceRelations] 
  8.91e-02s  0.00e+00d  [operations_research::sat::CpModelPresolver::PresolveToFixPoint] #num_loops=1 #num_dual_strengthening=1 
  3.47e-03s  0.00e+00d  [operations_research::sat::CpModelPresolver::ProcessAtMostOneAndLinear] 
  2.75e-03s  0.00e+00d  [operations_research::sat::CpModelPresolver::DetectDuplicateConstraints] 
  2.65e-03s  0.00e+00d  [operations_research::sat::CpModelPresolver::DetectDuplicateConstraintsWithDifferentEnforcements] 
  1.01e-03s  5.20e-07d  [operations_research::sat::CpModelPresolver::DetectDominatedLinearConstraints] #relevant_constraints=46 
  6.87e-04s  0.00e+00d  [operations_research::sat::CpModelPresolver::DetectDifferentVariables] 
  2.20e-03s  5.70e-05d  [operations_research::sat::CpModelPresolver::ProcessSetPPC] #relevant_constraints=660 #num_inclusions=16 
  1.89e-03s  8.06e-06d  [operations_research::sat::CpModelPresolver::TransformClausesToExactlyOne] #num_amos=96 #num_clauses=144 #num_checked=144 
  2.00e-02s  0.00e+00d  [operations_research::sat::CpModelPresolver::DetectEncodedComplexDomains] 
  9.62e-04s  0.00e+00d  [operations_research::sat::CpModelPresolver::FindAlmostIdenticalLinearConstraints] 
  3.12e-02s  2.39e-02d  [operations_research::sat::CpModelPresolver::FindBigAtMostOneAndLinearOverlap] 
  2.20e-03s  4.67e-04d  [operations_research::sat::CpModelPresolver::FindBigVerticalLinearOverlap] 
  5.19e-04s  2.25e-07d  [operations_research::sat::CpModelPresolver::FindBigHorizontalLinearOverlap] #linears=3 
  6.21e-04s  2.48e-06d  [operations_research::sat::CpModelPresolver::MergeClauses] 
  5.05e-03s  0.00e+00d  [DetectDominanceRelations] 
  9.88e-02s  0.00e+00d  [operations_research::sat::CpModelPresolver::PresolveToFixPoint] #num_loops=1 #num_dual_strengthening=1 
  7.75e-03s  0.00e+00d  [DetectDominanceRelations] 
  1.14e-01s  0.00e+00d  [operations_research::sat::CpModelPresolver::PresolveToFixPoint] #num_loops=1 #num_dual_strengthening=1 
[SAT presolve] num removable Booleans: 0 / 18'340
[SAT presolve] num trivial clauses: 0
[SAT presolve] [0s] clauses:160 literals:528 vars:160 one_side_vars:0 simple_definition:160 singleton_clauses:0
[SAT presolve] [0.0001112s] clauses:160 literals:528 vars:160 one_side_vars:0 simple_definition:160 singleton_clauses:0
[SAT presolve] [0.0005538s] clauses:160 literals:528 vars:160 one_side_vars:0 simple_definition:160 singleton_clauses:0
  3.07e-03s  0.00e+00d  [operations_research::sat::CpModelPresolver::DetectDuplicateConstraintsWithDifferentEnforcements] 
  3.53e-01s  1.00e+00d *[operations_research::sat::CpModelPresolver::Probe] #probed=8'986 #new_binary_clauses=119'076 
  5.42e-03s  1.53e-02d  [MaxClique] 
  6.20e-03s  0.00e+00d  [DetectDominanceRelations] 
  1.21e-01s  0.00e+00d  [operations_research::sat::CpModelPresolver::PresolveToFixPoint] #num_loops=1 #num_dual_strengthening=1 
  4.24e-03s  0.00e+00d  [operations_research::sat::CpModelPresolver::ProcessAtMostOneAndLinear] 
  2.36e-03s  0.00e+00d  [operations_research::sat::CpModelPresolver::DetectDuplicateConstraints] 
  2.07e-03s  0.00e+00d  [operations_research::sat::CpModelPresolver::DetectDuplicateConstraintsWithDifferentEnforcements] 
  5.25e-04s  5.20e-07d  [operations_research::sat::CpModelPresolver::DetectDominatedLinearConstraints] #relevant_constraints=46 
  4.01e-04s  0.00e+00d  [operations_research::sat::CpModelPresolver::DetectDifferentVariables] 
  2.42e-03s  5.70e-05d  [operations_research::sat::CpModelPresolver::ProcessSetPPC] #relevant_constraints=660 #num_inclusions=16 
  2.24e-03s  8.06e-06d  [operations_research::sat::CpModelPresolver::TransformClausesToExactlyOne] #num_amos=96 #num_clauses=144 #num_checked=144 
  2.22e-02s  0.00e+00d  [operations_research::sat::CpModelPresolver::DetectEncodedComplexDomains] 
  9.37e-04s  0.00e+00d  [operations_research::sat::CpModelPresolver::FindAlmostIdenticalLinearConstraints] 
  3.32e-02s  2.39e-02d  [operations_research::sat::CpModelPresolver::FindBigAtMostOneAndLinearOverlap] 
  2.65e-03s  4.67e-04d  [operations_research::sat::CpModelPresolver::FindBigVerticalLinearOverlap] 
  3.92e-04s  2.25e-07d  [operations_research::sat::CpModelPresolver::FindBigHorizontalLinearOverlap] #linears=3 
  6.91e-04s  2.48e-06d  [operations_research::sat::CpModelPresolver::MergeClauses] 
  6.44e-03s  0.00e+00d  [DetectDominanceRelations] 
  9.96e-02s  0.00e+00d  [operations_research::sat::CpModelPresolver::PresolveToFixPoint] #num_loops=1 #num_dual_strengthening=1 
  2.91e-04s  0.00e+00d  [MergeNoOverlap] 
  1.71e-04s  0.00e+00d  [MergeNoOverlap2D] 
  1.87e-02s  0.00e+00d  [operations_research::sat::CpModelPresolver::ExpandObjective] #entries=900'998 #tight_variables=17'305 #tight_constraints=463 

Presolve summary:
  - 0 affine relations were detected.
  - rule 'TODO dual: only one blocking constraint?' was applied 27 times.
  - rule 'all_diff: expanded' was applied 4 times.
  - rule 'deductions: 36680 stored' was applied 1 time.
  - rule 'dual: make encoding equiv' was applied 7'680 times.
  - rule 'duplicate: merged rhs of linear constraint' was applied 3 times.
  - rule 'duplicate: removed constraint' was applied 3 times.
  - rule 'element: expanded value element' was applied 42 times.
  - rule 'element: reduce target domain' was applied 42 times.
  - rule 'linear: reduced variable domains' was applied 9 times.
  - rule 'linear: variable substitution 1' was applied 2 times.
  - rule 'new_bool: integer encoding' was applied 18'340 times.
  - rule 'presolve: 0 unused variables removed.' was applied 1 time.
  - rule 'presolve: iteration' was applied 3 times.
  - rule 'table: expanded positive constraint with two variables' was applied 4 times.
  - rule 'variables: add encoding constraint' was applied 18'340 times.

Presolved optimization model '': (model_fingerprint: 0xc19c79fc57bfda47)
#Variables: 18'484 (#ints: 3 in objective) (18'021 primary variables)
  - 18'340 Booleans in [0,1]
  - 42 in [0,9]
  - 56 in [0,19]
  - 3 in [0,63]
  - 1 in [0,125]
  - 42 in [0,399]
#kAtMostOne: 80 (#literals: 1'120)
#kBoolAnd: 16 (#enforced: 16) (#literals: 32)
#kBoolOr: 144 (#literals: 496)
#kExactlyOne: 420 (#literals: 17'220)
#kLinear1: 36'680 (#enforced: 36'680)
#kLinear2: 1
#kLinear3: 42
#kLinearN: 3 (#terms: 45)

Preloading model.
#Bound   2.21s best:inf   next:[0,189]    initial_domain
The solution hint is incomplete: 1176 out of 18484 non fixed variables hinted.

Starting search at 2.21s with 1 workers.
1 full problem subsolver: [main]

[Encoding] 280 literals associated to VAR >= value, and 0 half-associations.
[Encoding] 18340 literals associated to VAR == value, and 0 half-associations.
[Encoding] num_fully_encoded_variables:140
[Precedences] num_relations=0 num_clauses=18624
[Precedences] Added 1292 GreaterThanAtLeastOneOf() constraints.
[Probing] deterministic_time: 1 (limit: 1) wall_time: 0.393486 (Aborted 4452/36260)
[Probing]  - new binary clause: 118'575
[EncodingLinearRelaxation] #tight_equality:0 #loose_equality:0 #inequality:140
[LinearRelaxationBeforeCliqueExpansion] #linear:326 #at_most_ones:500
[FinalLinearRelaxation] #linear:46 #cut_generators:0
Initial num_bool: 36260

Starting subsolver 'main' hint search at 2.97s
#1       2.97s best:4     next:[0,3]      main [hint]
Starting subsolver 'main' search at 2.97s
#2       4.15s best:3     next:[0,2]      main
#3       4.16s best:2     next:[0,1]      main
#4       4.16s best:1     next:[0,0]      main
#5       4.17s best:0     next:[]         main
#Done    4.17s main

Task timing           n [     min,      max]      avg      dev     time         n [     min,      max]      avg      dev    dtime
      'main':         1 [   1.96s,    1.96s]    1.96s   0.00ns    1.96s         1 [   4.51s,    4.51s]    4.51s   0.00ns    4.51s

Search stats     Bools  Conflicts  Branches  Restarts  BacktrackToRoot  Backtrack  BoolPropag  IntegerPropag
       'main':  36'260        159    33'415         3           13'551     27'179  29'177'633        834'205

SAT formula     Fixed  Equiv   Total  VarLeft  BinaryClauses  PermanentClauses  TemporaryClauses
      'main':  16'674    251  36'260   19'335        163'322            18'242               120

SAT stats    ClassicMinim  LitRemoved  LitRemovedBinary  LitLearned  LitForgotten  Subsumed
    'main':            96       1'725             3'428      16'835             0         1

Vivification    Clauses  Decisions  LitTrue  Subsumed  LitRemoved  DecisionReused  Conflicts
       'main':    4'526      9'052        0         0           0               0          0

Clause deletion    at_true  l_and_not(l)  to_binary  sub_conflict  sub_extra  sub_decisions  sub_eager  sub_vivify  sub_probing  sub_inpro  blocked  eliminated  forgotten  promoted  conflicts
          'main':       42             0        378             0          0              0          1           0            0          0        0           0          0       196        159

Lp stats    Component  Iterations  AddedCuts  OPTIMAL  DUAL_F.  DUAL_U.
   'main':         17         162          0    3'533        0        0

Lp dimension    Final dimension of first component
       'main':        3 rows, 7 columns, 9 entries

Lp debug    CutPropag  CutEqPropag  Adjust  Overflow  Bad  BadScaling
   'main':          0            0       0         0    0           0

Lp pool    Constraints  Updates  Simplif  Merged  Shortened  Split  Strengthened  Cuts/Call
  'main':           46        0        0       0          0      1             0        0/0

Solutions (5)    Num   Rank
        'main':   10  [0,5]

Objective bounds     Num
  'initial_domain':    1

Solution repositories    Added  Queried  Synchro
    'alternative_path':      1        0        1
      'best_solutions':     14        0        5
   'fj solution hints':      0        0        0

LRAT_status: NA
CpSolverResponse summary:
status: OPTIMAL
objective: 0
best_bound: 0
integers: 145
booleans: 36260
conflicts: 159
branches: 33415
propagations: 29177633
integer_propagations: 834205
restarts: 3
lp_iterations: 162
walltime: 4.17475
usertime: 4.17475
deterministic_time: 7.63383
gap_integral: 0
solution_fingerprint: 0x3cef276d75214bb1

TAP status=OPTIMAL bound=0.0 obj=0.0 elapsed=4.2s
  slice swaps>=0 status=OPTIMAL obj=0.0
slice gaps[24,27) gates=4 incumbent_lb=1 budget=40s

Starting CP-SAT solver v9.15.6755
Parameters: max_time_in_seconds: 40 max_memory_in_mb: 4096 log_search_progress: true num_search_workers: 1 symmetry_level: 0 log_to_stdout: true

Initial optimization model '': (model_fingerprint: 0x25bf0d544a363cbe)
#Variables: 146 (#ints: 3 in objective) (101 primary variables)
  - 56 in [0,19]
  - 42 in [0,20]
  - 6 in [0,280]
  - 42 in [0,399]
#kAllDiff: 4
#kElement: 42
#kLinear2: 6
#kLinear3: 42
#kLinearN: 3 (#terms: 45)
#kTable: 4

Starting presolve at 0.00s
The solution hint is incomplete: 56 out of 146 non fixed variables hinted.
  5.16e-05s  0.00e+00d  [DetectDominanceRelations] 
  9.61e-03s  0.00e+00d  [operations_research::sat::CpModelPresolver::PresolveToFixPoint] #num_loops=3 #num_dual_strengthening=1 
  4.80e-06s  0.00e+00d  [operations_research::sat::CpModelPresolver::ExtractEncodingFromLinear] 
[SAT presolve] num removable Booleans: 0 / 18'340
[SAT presolve] num trivial clauses: 0
[SAT presolve] [0s] clauses:160 literals:528 vars:160 one_side_vars:0 simple_definition:160 singleton_clauses:0
[SAT presolve] [0.0001183s] clauses:160 literals:528 vars:160 one_side_vars:0 simple_definition:160 singleton_clauses:0
[SAT presolve] [0.0007332s] clauses:160 literals:528 vars:160 one_side_vars:0 simple_definition:160 singleton_clauses:0
  2.35e-03s  0.00e+00d  [operations_research::sat::CpModelPresolver::DetectDuplicateConstraintsWithDifferentEnforcements] 
  3.71e-01s  1.00e+00d *[operations_research::sat::CpModelPresolver::Probe] #probed=8'982 #new_bounds=1 #new_binary_clauses=119'048 
  3.81e-03s  1.53e-02d  [MaxClique] 
  8.27e-03s  0.00e+00d  [DetectDominanceRelations] 
  2.12e-01s  0.00e+00d  [operations_research::sat::CpModelPresolver::PresolveToFixPoint] #num_loops=2 #num_dual_strengthening=1 
  3.81e-03s  0.00e+00d  [operations_research::sat::CpModelPresolver::ProcessAtMostOneAndLinear] 
  2.60e-03s  0.00e+00d  [operations_research::sat::CpModelPresolver::DetectDuplicateConstraints] #duplicates=3 
  2.95e-03s  0.00e+00d  [operations_research::sat::CpModelPresolver::DetectDuplicateConstraintsWithDifferentEnforcements] 
  6.34e-04s  5.34e-07d  [operations_research::sat::CpModelPresolver::DetectDominatedLinearConstraints] #relevant_constraints=48 
  7.37e-04s  0.00e+00d  [operations_research::sat::CpModelPresolver::DetectDifferentVariables] 
  3.04e-03s  5.70e-05d  [operations_research::sat::CpModelPresolver::ProcessSetPPC] #relevant_constraints=660 #num_inclusions=16 
  3.14e-03s  8.06e-06d  [operations_research::sat::CpModelPresolver::TransformClausesToExactlyOne] #num_amos=96 #num_clauses=144 #num_checked=144 
  2.19e-02s  0.00e+00d  [operations_research::sat::CpModelPresolver::DetectEncodedComplexDomains] 
  9.66e-04s  0.00e+00d  [operations_research::sat::CpModelPresolver::FindAlmostIdenticalLinearConstraints] 
  3.92e-02s  2.39e-02d  [operations_research::sat::CpModelPresolver::FindBigAtMostOneAndLinearOverlap] 
  2.44e-03s  4.67e-04d  [operations_research::sat::CpModelPresolver::FindBigVerticalLinearOverlap] 
  4.92e-04s  2.25e-07d  [operations_research::sat::CpModelPresolver::FindBigHorizontalLinearOverlap] #linears=3 
  6.31e-04s  2.48e-06d  [operations_research::sat::CpModelPresolver::MergeClauses] 
  8.32e-03s  0.00e+00d  [DetectDominanceRelations] 
  8.87e-02s  0.00e+00d  [operations_research::sat::CpModelPresolver::PresolveToFixPoint] #num_loops=1 #num_dual_strengthening=1 
  4.64e-03s  0.00e+00d  [DetectDominanceRelations] 
  1.03e-01s  0.00e+00d  [operations_research::sat::CpModelPresolver::PresolveToFixPoint] #num_loops=1 #num_dual_strengthening=1 
[SAT presolve] num removable Booleans: 0 / 18'340
[SAT presolve] num trivial clauses: 0
[SAT presolve] [0s] clauses:160 literals:528 vars:160 one_side_vars:0 simple_definition:160 singleton_clauses:0
[SAT presolve] [7.65e-05s] clauses:160 literals:528 vars:160 one_side_vars:0 simple_definition:160 singleton_clauses:0
[SAT presolve] [0.0004596s] clauses:160 literals:528 vars:160 one_side_vars:0 simple_definition:160 singleton_clauses:0
  2.42e-03s  0.00e+00d  [operations_research::sat::CpModelPresolver::DetectDuplicateConstraintsWithDifferentEnforcements] 
  3.69e-01s  1.00e+00d *[operations_research::sat::CpModelPresolver::Probe] #probed=8'986 #new_binary_clauses=119'076 
  4.18e-03s  1.53e-02d  [MaxClique] 
  4.40e-03s  0.00e+00d  [DetectDominanceRelations] 
  1.04e-01s  0.00e+00d  [operations_research::sat::CpModelPresolver::PresolveToFixPoint] #num_loops=1 #num_dual_strengthening=1 
  3.51e-03s  0.00e+00d  [operations_research::sat::CpModelPresolver::ProcessAtMostOneAndLinear] 
  2.24e-03s  0.00e+00d  [operations_research::sat::CpModelPresolver::DetectDuplicateConstraints] 
  2.73e-03s  0.00e+00d  [operations_research::sat::CpModelPresolver::DetectDuplicateConstraintsWithDifferentEnforcements] 
  7.83e-04s  5.20e-07d  [operations_research::sat::CpModelPresolver::DetectDominatedLinearConstraints] #relevant_constraints=46 
  4.00e-04s  0.00e+00d  [operations_research::sat::CpModelPresolver::DetectDifferentVariables] 
  2.35e-03s  5.70e-05d  [operations_research::sat::CpModelPresolver::ProcessSetPPC] #relevant_constraints=660 #num_inclusions=16 
  2.29e-03s  8.06e-06d  [operations_research::sat::CpModelPresolver::TransformClausesToExactlyOne] #num_amos=96 #num_clauses=144 #num_checked=144 
  2.29e-02s  0.00e+00d  [operations_research::sat::CpModelPresolver::DetectEncodedComplexDomains] 
  6.96e-04s  0.00e+00d  [operations_research::sat::CpModelPresolver::FindAlmostIdenticalLinearConstraints] 
  3.11e-02s  2.39e-02d  [operations_research::sat::CpModelPresolver::FindBigAtMostOneAndLinearOverlap] 
  1.98e-03s  4.67e-04d  [operations_research::sat::CpModelPresolver::FindBigVerticalLinearOverlap] 
  3.92e-04s  2.25e-07d  [operations_research::sat::CpModelPresolver::FindBigHorizontalLinearOverlap] #linears=3 
  5.83e-04s  2.48e-06d  [operations_research::sat::CpModelPresolver::MergeClauses] 
  7.61e-03s  0.00e+00d  [DetectDominanceRelations] 
  9.83e-02s  0.00e+00d  [operations_research::sat::CpModelPresolver::PresolveToFixPoint] #num_loops=1 #num_dual_strengthening=1 
  6.64e-03s  0.00e+00d  [DetectDominanceRelations] 
  1.03e-01s  0.00e+00d  [operations_research::sat::CpModelPresolver::PresolveToFixPoint] #num_loops=1 #num_dual_strengthening=1 
[SAT presolve] num removable Booleans: 0 / 18'340
[SAT presolve] num trivial clauses: 0
[SAT presolve] [0s] clauses:160 literals:528 vars:160 one_side_vars:0 simple_definition:160 singleton_clauses:0
[SAT presolve] [6.26e-05s] clauses:160 literals:528 vars:160 one_side_vars:0 simple_definition:160 singleton_clauses:0
[SAT presolve] [0.0004454s] clauses:160 literals:528 vars:160 one_side_vars:0 simple_definition:160 singleton_clauses:0
  2.54e-03s  0.00e+00d  [operations_research::sat::CpModelPresolver::DetectDuplicateConstraintsWithDifferentEnforcements] 
  3.91e-01s  1.00e+00d *[operations_research::sat::CpModelPresolver::Probe] #probed=8'986 #new_binary_clauses=119'076 
  5.93e-03s  1.53e-02d  [MaxClique] 
  6.67e-03s  0.00e+00d  [DetectDominanceRelations] 
  1.09e-01s  0.00e+00d  [operations_research::sat::CpModelPresolver::PresolveToFixPoint] #num_loops=1 #num_dual_strengthening=1 
  3.29e-03s  0.00e+00d  [operations_research::sat::CpModelPresolver::ProcessAtMostOneAndLinear] 
  3.26e-03s  0.00e+00d  [operations_research::sat::CpModelPresolver::DetectDuplicateConstraints] 
  2.51e-03s  0.00e+00d  [operations_research::sat::CpModelPresolver::DetectDuplicateConstraintsWithDifferentEnforcements] 
  7.58e-04s  5.20e-07d  [operations_research::sat::CpModelPresolver::DetectDominatedLinearConstraints] #relevant_constraints=46 
  3.85e-04s  0.00e+00d  [operations_research::sat::CpModelPresolver::DetectDifferentVariables] 
  3.31e-03s  5.70e-05d  [operations_research::sat::CpModelPresolver::ProcessSetPPC] #relevant_constraints=660 #num_inclusions=16 
  2.31e-03s  8.06e-06d  [operations_research::sat::CpModelPresolver::TransformClausesToExactlyOne] #num_amos=96 #num_clauses=144 #num_checked=144 
  2.21e-02s  0.00e+00d  [operations_research::sat::CpModelPresolver::DetectEncodedComplexDomains] 
  9.95e-04s  0.00e+00d  [operations_research::sat::CpModelPresolver::FindAlmostIdenticalLinearConstraints] 
  3.28e-02s  2.39e-02d  [operations_research::sat::CpModelPresolver::FindBigAtMostOneAndLinearOverlap] 
  2.07e-03s  4.67e-04d  [operations_research::sat::CpModelPresolver::FindBigVerticalLinearOverlap] 
  4.66e-04s  2.25e-07d  [operations_research::sat::CpModelPresolver::FindBigHorizontalLinearOverlap] #linears=3 
  7.09e-04s  2.48e-06d  [operations_research::sat::CpModelPresolver::MergeClauses] 
  4.57e-03s  0.00e+00d  [DetectDominanceRelations] 
  1.09e-01s  0.00e+00d  [operations_research::sat::CpModelPresolver::PresolveToFixPoint] #num_loops=1 #num_dual_strengthening=1 
  3.48e-04s  0.00e+00d  [MergeNoOverlap] 
  1.98e-04s  0.00e+00d  [MergeNoOverlap2D] 
  1.46e-02s  0.00e+00d  [operations_research::sat::CpModelPresolver::ExpandObjective] #entries=900'998 #tight_variables=17'305 #tight_constraints=463 

Presolve summary:
  - 0 affine relations were detected.
  - rule 'TODO dual: only one blocking constraint?' was applied 27 times.
  - rule 'all_diff: expanded' was applied 4 times.
  - rule 'deductions: 36680 stored' was applied 1 time.
  - rule 'dual: make encoding equiv' was applied 7'680 times.
  - rule 'duplicate: merged rhs of linear constraint' was applied 3 times.
  - rule 'duplicate: removed constraint' was applied 3 times.
  - rule 'element: expanded value element' was applied 42 times.
  - rule 'element: reduce target domain' was applied 42 times.
  - rule 'linear: reduced variable domains' was applied 9 times.
  - rule 'linear: variable substitution 1' was applied 2 times.
  - rule 'new_bool: integer encoding' was applied 18'340 times.
  - rule 'presolve: 0 unused variables removed.' was applied 1 time.
  - rule 'presolve: iteration' was applied 3 times.
  - rule 'table: expanded positive constraint with two variables' was applied 4 times.
  - rule 'variables: add encoding constraint' was applied 18'340 times.

Presolved optimization model '': (model_fingerprint: 0x94433465561d632d)
#Variables: 18'484 (#ints: 3 in objective) (18'021 primary variables)
  - 18'340 Booleans in [0,1]
  - 42 in [0,9]
  - 56 in [0,19]
  - 3 in [0,63]
  - 1 in [0,125]
  - 42 in [0,399]
#kAtMostOne: 80 (#literals: 1'120)
#kBoolAnd: 16 (#enforced: 16) (#literals: 32)
#kBoolOr: 144 (#literals: 496)
#kExactlyOne: 420 (#literals: 17'220)
#kLinear1: 36'680 (#enforced: 36'680)
#kLinear2: 1
#kLinear3: 42
#kLinearN: 3 (#terms: 45)

Preloading model.
#Bound   2.44s best:inf   next:[0,189]    initial_domain
The solution hint is incomplete: 1176 out of 18484 non fixed variables hinted.

Starting search at 2.44s with 1 workers.
1 full problem subsolver: [main]

[Encoding] 280 literals associated to VAR >= value, and 0 half-associations.
[Encoding] 18340 literals associated to VAR == value, and 0 half-associations.
[Encoding] num_fully_encoded_variables:140
[Precedences] num_relations=0 num_clauses=18624
[Precedences] Added 1292 GreaterThanAtLeastOneOf() constraints.
[Probing] deterministic_time: 1.00002 (limit: 1) wall_time: 0.377496 (Aborted 4452/36260)
[Probing]  - new binary clause: 118'575
[EncodingLinearRelaxation] #tight_equality:0 #loose_equality:0 #inequality:140
[LinearRelaxationBeforeCliqueExpansion] #linear:326 #at_most_ones:500
[FinalLinearRelaxation] #linear:46 #cut_generators:0
Initial num_bool: 36260

Starting subsolver 'main' hint search at 3.20s
#1       3.20s best:1     next:[0,0]      main [hint]
Starting subsolver 'main' search at 3.20s
#2       4.49s best:0     next:[]         main
#Done    4.49s main

Task timing           n [     min,      max]      avg      dev     time         n [     min,      max]      avg      dev    dtime
      'main':         1 [   2.04s,    2.04s]    2.04s   0.00ns    2.04s         1 [   5.09s,    5.09s]    5.09s   0.00ns    5.09s

Search stats     Bools  Conflicts  Branches  Restarts  BacktrackToRoot  Backtrack  BoolPropag  IntegerPropag
       'main':  36'260        112    32'015         1           13'516     25'926  28'876'469        802'789

SAT formula     Fixed  Equiv   Total  VarLeft  BinaryClauses  PermanentClauses  TemporaryClauses
      'main':  16'674    233  36'260   19'353        162'962            18'236                78

SAT stats    ClassicMinim  LitRemoved  LitRemovedBinary  LitLearned  LitForgotten  Subsumed
    'main':            62       1'123             1'079       9'449             0         1

Vivification    Clauses  Decisions  LitTrue  Subsumed  LitRemoved  DecisionReused  Conflicts
       'main':    4'511      9'022        0         0           0               0          0

Clause deletion    at_true  l_and_not(l)  to_binary  sub_conflict  sub_extra  sub_decisions  sub_eager  sub_vivify  sub_probing  sub_inpro  blocked  eliminated  forgotten  promoted  conflicts
          'main':       42             0        378             1          0              0          0           0            0          0        0           0          0       105        112

Lp stats    Component  Iterations  AddedCuts  OPTIMAL  DUAL_F.  DUAL_U.
   'main':         17         146          0    3'567        0        0

Lp dimension    Final dimension of first component
       'main':        3 rows, 7 columns, 9 entries

Lp debug    CutPropag  CutEqPropag  Adjust  Overflow  Bad  BadScaling
   'main':          0            0       0         0    0           0

Lp pool    Constraints  Updates  Simplif  Merged  Shortened  Split  Strengthened  Cuts/Call
  'main':           46        0        0       0          0      1             0        0/0

Solutions (2)    Num   Rank
        'main':    4  [0,2]

Objective bounds     Num
  'initial_domain':    1

Solution repositories    Added  Queried  Synchro
    'alternative_path':      1        0        1
      'best_solutions':     16        0        2
   'fj solution hints':      0        0        0

LRAT_status: NA
CpSolverResponse summary:
status: OPTIMAL
objective: 0
best_bound: 0
integers: 145
booleans: 36260
conflicts: 112
branches: 32015
propagations: 28876469
integer_propagations: 802789
restarts: 1
lp_iterations: 146
walltime: 4.49413
usertime: 4.49413
deterministic_time: 8.20806
gap_integral: 0
solution_fingerprint: 0xa21e1322ff7e238c

TAP status=OPTIMAL bound=0.0 obj=0.0 elapsed=4.5s
  slice swaps>=0 status=OPTIMAL obj=0.0
slice gaps[27,30) gates=4 incumbent_lb=4 budget=40s

Starting CP-SAT solver v9.15.6755
Parameters: max_time_in_seconds: 40 max_memory_in_mb: 4096 log_search_progress: true num_search_workers: 1 symmetry_level: 0 log_to_stdout: true

Initial optimization model '': (model_fingerprint: 0xd388063e4d93f91b)
#Variables: 146 (#ints: 3 in objective) (101 primary variables)
  - 56 in [0,19]
  - 42 in [0,20]
  - 6 in [0,280]
  - 42 in [0,399]
#kAllDiff: 4
#kElement: 42
#kLinear2: 6
#kLinear3: 42
#kLinearN: 3 (#terms: 45)
#kTable: 4

Starting presolve at 0.00s
The solution hint is incomplete: 56 out of 146 non fixed variables hinted.
  5.44e-05s  0.00e+00d  [DetectDominanceRelations] 
  8.52e-03s  0.00e+00d  [operations_research::sat::CpModelPresolver::PresolveToFixPoint] #num_loops=3 #num_dual_strengthening=1 
  4.90e-06s  0.00e+00d  [operations_research::sat::CpModelPresolver::ExtractEncodingFromLinear] 
[SAT presolve] num removable Booleans: 0 / 18'340
[SAT presolve] num trivial clauses: 0
[SAT presolve] [0s] clauses:160 literals:528 vars:160 one_side_vars:0 simple_definition:160 singleton_clauses:0
[SAT presolve] [7.47e-05s] clauses:160 literals:528 vars:160 one_side_vars:0 simple_definition:160 singleton_clauses:0
[SAT presolve] [0.0006517s] clauses:160 literals:528 vars:160 one_side_vars:0 simple_definition:160 singleton_clauses:0
  3.32e-03s  0.00e+00d  [operations_research::sat::CpModelPresolver::DetectDuplicateConstraintsWithDifferentEnforcements] 
  3.38e-01s  1.00e+00d *[operations_research::sat::CpModelPresolver::Probe] #probed=9'122 #new_binary_clauses=118'994 
  3.67e-03s  1.50e-02d  [MaxClique] 
  5.58e-03s  0.00e+00d  [DetectDominanceRelations] 
  1.79e-01s  0.00e+00d  [operations_research::sat::CpModelPresolver::PresolveToFixPoint] #num_loops=2 #num_dual_strengthening=1 
  3.86e-03s  0.00e+00d  [operations_research::sat::CpModelPresolver::ProcessAtMostOneAndLinear] 
  2.32e-03s  0.00e+00d  [operations_research::sat::CpModelPresolver::DetectDuplicateConstraints] #duplicates=3 
  2.74e-03s  0.00e+00d  [operations_research::sat::CpModelPresolver::DetectDuplicateConstraintsWithDifferentEnforcements] 
  6.04e-04s  5.34e-07d  [operations_research::sat::CpModelPresolver::DetectDominatedLinearConstraints] #relevant_constraints=48 
  4.26e-04s  0.00e+00d  [operations_research::sat::CpModelPresolver::DetectDifferentVariables] 
  3.04e-03s  5.70e-05d  [operations_research::sat::CpModelPresolver::ProcessSetPPC] #relevant_constraints=660 #num_inclusions=16 
  2.39e-03s  8.06e-06d  [operations_research::sat::CpModelPresolver::TransformClausesToExactlyOne] #num_amos=96 #num_clauses=144 #num_checked=144 
  2.15e-02s  0.00e+00d  [operations_research::sat::CpModelPresolver::DetectEncodedComplexDomains] 
  1.34e-03s  0.00e+00d  [operations_research::sat::CpModelPresolver::FindAlmostIdenticalLinearConstraints] 
  2.94e-02s  2.39e-02d  [operations_research::sat::CpModelPresolver::FindBigAtMostOneAndLinearOverlap] 
  2.11e-03s  4.67e-04d  [operations_research::sat::CpModelPresolver::FindBigVerticalLinearOverlap] 
  4.99e-04s  2.25e-07d  [operations_research::sat::CpModelPresolver::FindBigHorizontalLinearOverlap] #linears=3 
  5.59e-04s  2.48e-06d  [operations_research::sat::CpModelPresolver::MergeClauses] 
  4.58e-03s  0.00e+00d  [DetectDominanceRelations] 
  9.80e-02s  0.00e+00d  [operations_research::sat::CpModelPresolver::PresolveToFixPoint] #num_loops=1 #num_dual_strengthening=1 
  4.86e-03s  0.00e+00d  [DetectDominanceRelations] 
  8.86e-02s  0.00e+00d  [operations_research::sat::CpModelPresolver::PresolveToFixPoint] #num_loops=1 #num_dual_strengthening=1 
[SAT presolve] num removable Booleans: 0 / 18'340
[SAT presolve] num trivial clauses: 0
[SAT presolve] [0s] clauses:160 literals:528 vars:160 one_side_vars:0 simple_definition:160 singleton_clauses:0
[SAT presolve] [7.34e-05s] clauses:160 literals:528 vars:160 one_side_vars:0 simple_definition:160 singleton_clauses:0
[SAT presolve] [0.0005014s] clauses:160 literals:528 vars:160 one_side_vars:0 simple_definition:160 singleton_clauses:0
  2.41e-03s  0.00e+00d  [operations_research::sat::CpModelPresolver::DetectDuplicateConstraintsWithDifferentEnforcements] 
  3.12e-01s  1.00e+00d *[operations_research::sat::CpModelPresolver::Probe] #probed=9'128 #new_binary_clauses=119'160 
  3.74e-03s  1.51e-02d  [MaxClique] 
  5.14e-03s  0.00e+00d  [DetectDominanceRelations] 
  9.06e-02s  0.00e+00d  [operations_research::sat::CpModelPresolver::PresolveToFixPoint] #num_loops=1 #num_dual_strengthening=1 
  2.79e-03s  0.00e+00d  [operations_research::sat::CpModelPresolver::ProcessAtMostOneAndLinear] 
  1.79e-03s  0.00e+00d  [operations_research::sat::CpModelPresolver::DetectDuplicateConstraints] 
  2.15e-03s  0.00e+00d  [operations_research::sat::CpModelPresolver::DetectDuplicateConstraintsWithDifferentEnforcements] 
  6.61e-04s  5.13e-07d  [operations_research::sat::CpModelPresolver::DetectDominatedLinearConstraints] #relevant_constraints=45 
  3.73e-04s  0.00e+00d  [operations_research::sat::CpModelPresolver::DetectDifferentVariables] 
  1.75e-03s  5.70e-05d  [operations_research::sat::CpModelPresolver::ProcessSetPPC] #relevant_constraints=660 #num_inclusions=16 
  1.65e-03s  8.06e-06d  [operations_research::sat::CpModelPresolver::TransformClausesToExactlyOne] #num_amos=96 #num_clauses=144 #num_checked=144 
  2.23e-02s  0.00e+00d  [operations_research::sat::CpModelPresolver::DetectEncodedComplexDomains] 
  9.63e-04s  0.00e+00d  [operations_research::sat::CpModelPresolver::FindAlmostIdenticalLinearConstraints] 
  3.77e-02s  2.39e-02d  [operations_research::sat::CpModelPresolver::FindBigAtMostOneAndLinearOverlap] 
  2.40e-03s  4.67e-04d  [operations_research::sat::CpModelPresolver::FindBigVerticalLinearOverlap] 
  4.75e-04s  2.25e-07d  [operations_research::sat::CpModelPresolver::FindBigHorizontalLinearOverlap] #linears=3 
  8.54e-04s  2.48e-06d  [operations_research::sat::CpModelPresolver::MergeClauses] 
  7.09e-03s  0.00e+00d  [DetectDominanceRelations] 
  1.27e-01s  0.00e+00d  [operations_research::sat::CpModelPresolver::PresolveToFixPoint] #num_loops=1 #num_dual_strengthening=1 
  6.66e-03s  0.00e+00d  [DetectDominanceRelations] 
  1.18e-01s  0.00e+00d  [operations_research::sat::CpModelPresolver::PresolveToFixPoint] #num_loops=1 #num_dual_strengthening=1 
[SAT presolve] num removable Booleans: 0 / 18'340
[SAT presolve] num trivial clauses: 0
[SAT presolve] [0s] clauses:160 literals:528 vars:160 one_side_vars:0 simple_definition:160 singleton_clauses:0
[SAT presolve] [7.81e-05s] clauses:160 literals:528 vars:160 one_side_vars:0 simple_definition:160 singleton_clauses:0
[SAT presolve] [0.0004648s] clauses:160 literals:528 vars:160 one_side_vars:0 simple_definition:160 singleton_clauses:0
  2.15e-03s  0.00e+00d  [operations_research::sat::CpModelPresolver::DetectDuplicateConstraintsWithDifferentEnforcements] 
  3.39e-01s  1.00e+00d *[operations_research::sat::CpModelPresolver::Probe] #probed=9'128 #new_binary_clauses=119'160 
  3.96e-03s  1.51e-02d  [MaxClique] 
  6.27e-03s  0.00e+00d  [DetectDominanceRelations] 
  1.09e-01s  0.00e+00d  [operations_research::sat::CpModelPresolver::PresolveToFixPoint] #num_loops=1 #num_dual_strengthening=1 
  4.22e-03s  0.00e+00d  [operations_research::sat::CpModelPresolver::ProcessAtMostOneAndLinear] 
  3.07e-03s  0.00e+00d  [operations_research::sat::CpModelPresolver::DetectDuplicateConstraints] 
  2.22e-03s  0.00e+00d  [operations_research::sat::CpModelPresolver::DetectDuplicateConstraintsWithDifferentEnforcements] 
  6.84e-04s  5.13e-07d  [operations_research::sat::CpModelPresolver::DetectDominatedLinearConstraints] #relevant_constraints=45 
  3.46e-04s  0.00e+00d  [operations_research::sat::CpModelPresolver::DetectDifferentVariables] 
  2.18e-03s  5.70e-05d  [operations_research::sat::CpModelPresolver::ProcessSetPPC] #relevant_constraints=660 #num_inclusions=16 
  2.79e-03s  8.06e-06d  [operations_research::sat::CpModelPresolver::TransformClausesToExactlyOne] #num_amos=96 #num_clauses=144 #num_checked=144 
  2.03e-02s  0.00e+00d  [operations_research::sat::CpModelPresolver::DetectEncodedComplexDomains] 
  7.08e-04s  0.00e+00d  [operations_research::sat::CpModelPresolver::FindAlmostIdenticalLinearConstraints] 
  3.48e-02s  2.39e-02d  [operations_research::sat::CpModelPresolver::FindBigAtMostOneAndLinearOverlap] 
  2.69e-03s  4.67e-04d  [operations_research::sat::CpModelPresolver::FindBigVerticalLinearOverlap] 
  5.07e-04s  2.25e-07d  [operations_research::sat::CpModelPresolver::FindBigHorizontalLinearOverlap] #linears=3 
  5.69e-04s  2.48e-06d  [operations_research::sat::CpModelPresolver::MergeClauses] 
  5.74e-03s  0.00e+00d  [DetectDominanceRelations] 
  1.25e-01s  0.00e+00d  [operations_research::sat::CpModelPresolver::PresolveToFixPoint] #num_loops=1 #num_dual_strengthening=1 
  1.71e-04s  0.00e+00d  [MergeNoOverlap] 
  1.82e-04s  0.00e+00d  [MergeNoOverlap2D] 
  2.11e-02s  0.00e+00d  [operations_research::sat::CpModelPresolver::ExpandObjective] #entries=900'984 #tight_variables=17'304 #tight_constraints=462 

Presolve summary:
  - 0 affine relations were detected.
  - rule 'TODO dual: only one blocking constraint?' was applied 27 times.
  - rule 'all_diff: expanded' was applied 4 times.
  - rule 'deductions: 36680 stored' was applied 1 time.
  - rule 'dual: make encoding equiv' was applied 7'680 times.
  - rule 'duplicate: merged rhs of linear constraint' was applied 3 times.
  - rule 'duplicate: removed constraint' was applied 3 times.
  - rule 'element: expanded value element' was applied 42 times.
  - rule 'element: reduce target domain' was applied 42 times.
  - rule 'linear: reduced variable domains' was applied 9 times.
  - rule 'linear: variable substitution 1' was applied 3 times.
  - rule 'new_bool: integer encoding' was applied 18'340 times.
  - rule 'presolve: 0 unused variables removed.' was applied 1 time.
  - rule 'presolve: iteration' was applied 3 times.
  - rule 'table: expanded positive constraint with two variables' was applied 4 times.
  - rule 'variables: add encoding constraint' was applied 18'340 times.

Presolved optimization model '': (model_fingerprint: 0xca6f66bdde7a811a)
#Variables: 18'483 (#ints: 3 in objective) (18'021 primary variables)
  - 18'340 Booleans in [0,1]
  - 42 in [0,9]
  - 56 in [0,19]
  - 3 in [0,63]
  - 42 in [0,399]
#kAtMostOne: 80 (#literals: 1'120)
#kBoolAnd: 16 (#enforced: 16) (#literals: 32)
#kBoolOr: 144 (#literals: 496)
#kExactlyOne: 420 (#literals: 17'220)
#kLinear1: 36'680 (#enforced: 36'680)
#kLinear3: 42
#kLinearN: 3 (#terms: 45)

Preloading model.
#Bound   2.30s best:inf   next:[0,189]    initial_domain
The solution hint is incomplete: 1176 out of 18483 non fixed variables hinted.

Starting search at 2.30s with 1 workers.
1 full problem subsolver: [main]

[Encoding] 280 literals associated to VAR >= value, and 0 half-associations.
[Encoding] 18340 literals associated to VAR == value, and 0 half-associations.
[Encoding] num_fully_encoded_variables:140
[Precedences] num_relations=0 num_clauses=18624
[Precedences] Added 1292 GreaterThanAtLeastOneOf() constraints.
[Probing] deterministic_time: 1.00003 (limit: 1) wall_time: 0.377266 (Aborted 4538/36260)
[Probing]  - new binary clause: 117'341
[EncodingLinearRelaxation] #tight_equality:0 #loose_equality:0 #inequality:140
[LinearRelaxationBeforeCliqueExpansion] #linear:325 #at_most_ones:500
[FinalLinearRelaxation] #linear:45 #cut_generators:0
Initial num_bool: 36260

Starting subsolver 'main' hint search at 3.06s
#1       3.06s best:4     next:[0,3]      main [hint]
Starting subsolver 'main' search at 3.06s
#2       4.13s best:3     next:[0,2]      main
#3       4.13s best:2     next:[0,1]      main
#4       4.14s best:1     next:[0,0]      main
#5       4.14s best:0     next:[]         main
#Done    4.14s main

Task timing           n [     min,      max]      avg      dev     time         n [     min,      max]      avg      dev    dtime
      'main':         1 [   1.84s,    1.84s]    1.84s   0.00ns    1.84s         1 [   4.47s,    4.47s]    4.47s   0.00ns    4.47s

Search stats     Bools  Conflicts  Branches  Restarts  BacktrackToRoot  Backtrack  BoolPropag  IntegerPropag
       'main':  36'260         60    32'729         1           13'814     26'981  28'821'468        655'494

SAT formula     Fixed  Equiv   Total  VarLeft  BinaryClauses  PermanentClauses  TemporaryClauses
      'main':  16'674    231  36'260   19'355        166'086            18'228                36

SAT stats    ClassicMinim  LitRemoved  LitRemovedBinary  LitLearned  LitForgotten  Subsumed
    'main':            22         168               378       1'974             0         0

Vivification    Clauses  Decisions  LitTrue  Subsumed  LitRemoved  DecisionReused  Conflicts
       'main':    4'620      9'240        0         0           0               0          0

Clause deletion    at_true  l_and_not(l)  to_binary  sub_conflict  sub_extra  sub_decisions  sub_eager  sub_vivify  sub_probing  sub_inpro  blocked  eliminated  forgotten  promoted  conflicts
          'main':       42             0        378             0          0              0          0           0            0          0        0           0          0        43         60

Lp stats    Component  Iterations  AddedCuts  OPTIMAL  DUAL_F.  DUAL_U.
   'main':         17         181          0    2'710        0        0

Lp dimension    Final dimension of first component
       'main':        3 rows, 7 columns, 9 entries

Lp debug    CutPropag  CutEqPropag  Adjust  Overflow  Bad  BadScaling
   'main':          0            0       0         0    0           0

Lp pool    Constraints  Updates  Simplif  Merged  Shortened  Split  Strengthened  Cuts/Call
  'main':           45        0        0       0          0      1             0        0/0

Solutions (5)    Num   Rank
        'main':   10  [0,5]

Objective bounds     Num
  'initial_domain':    1

Solution repositories    Added  Queried  Synchro
    'alternative_path':      1        0        1
      'best_solutions':     13        0        5
   'fj solution hints':      0        0        0

LRAT_status: NA
CpSolverResponse summary:
status: OPTIMAL
objective: 0
best_bound: 0
integers: 144
booleans: 36260
conflicts: 60
branches: 32729
propagations: 28821468
integer_propagations: 655494
restarts: 1
lp_iterations: 181
walltime: 4.14933
usertime: 4.14933
deterministic_time: 7.59147
gap_integral: 0
solution_fingerprint: 0xdbf93f034d0ce678

TAP status=OPTIMAL bound=0.0 obj=0.0 elapsed=4.2s
  slice swaps>=0 status=OPTIMAL obj=0.0
slice gaps[30,33) gates=4 incumbent_lb=3 budget=40s

Starting CP-SAT solver v9.15.6755
Parameters: max_time_in_seconds: 40 max_memory_in_mb: 4096 log_search_progress: true num_search_workers: 1 symmetry_level: 0 log_to_stdout: true

Initial optimization model '': (model_fingerprint: 0xe5e5b4bdb978caa2)
#Variables: 146 (#ints: 3 in objective) (101 primary variables)
  - 56 in [0,19]
  - 42 in [0,20]
  - 6 in [0,280]
  - 42 in [0,399]
#kAllDiff: 4
#kElement: 42
#kLinear2: 6
#kLinear3: 42
#kLinearN: 3 (#terms: 45)
#kTable: 4

Starting presolve at 0.00s
The solution hint is incomplete: 56 out of 146 non fixed variables hinted.
  3.86e-05s  0.00e+00d  [DetectDominanceRelations] 
  7.89e-03s  0.00e+00d  [operations_research::sat::CpModelPresolver::PresolveToFixPoint] #num_loops=3 #num_dual_strengthening=1 
  3.50e-06s  0.00e+00d  [operations_research::sat::CpModelPresolver::ExtractEncodingFromLinear] 
[SAT presolve] num removable Booleans: 0 / 18'340
[SAT presolve] num trivial clauses: 0
[SAT presolve] [0s] clauses:160 literals:528 vars:160 one_side_vars:0 simple_definition:160 singleton_clauses:0
[SAT presolve] [8.19e-05s] clauses:160 literals:528 vars:160 one_side_vars:0 simple_definition:160 singleton_clauses:0
[SAT presolve] [0.0005839s] clauses:160 literals:528 vars:160 one_side_vars:0 simple_definition:160 singleton_clauses:0
  2.26e-03s  0.00e+00d  [operations_research::sat::CpModelPresolver::DetectDuplicateConstraintsWithDifferentEnforcements] 
  3.12e-01s  1.00e+00d *[operations_research::sat::CpModelPresolver::Probe] #probed=8'568 #new_bounds=1 #new_binary_clauses=120'031 
  3.89e-03s  1.54e-02d  [MaxClique] 
  4.47e-03s  0.00e+00d  [DetectDominanceRelations] 
  1.73e-01s  0.00e+00d  [operations_research::sat::CpModelPresolver::PresolveToFixPoint] #num_loops=2 #num_dual_strengthening=1 
  3.47e-03s  0.00e+00d  [operations_research::sat::CpModelPresolver::ProcessAtMostOneAndLinear] 
  2.81e-03s  0.00e+00d  [operations_research::sat::CpModelPresolver::DetectDuplicateConstraints] #duplicates=3 
  2.90e-03s  0.00e+00d  [operations_research::sat::CpModelPresolver::DetectDuplicateConstraintsWithDifferentEnforcements] 
  7.35e-04s  5.34e-07d  [operations_research::sat::CpModelPresolver::DetectDominatedLinearConstraints] #relevant_constraints=48 
  5.94e-04s  0.00e+00d  [operations_research::sat::CpModelPresolver::DetectDifferentVariables] 
  2.30e-03s  5.70e-05d  [operations_research::sat::CpModelPresolver::ProcessSetPPC] #relevant_constraints=660 #num_inclusions=16 
  3.16e-03s  8.06e-06d  [operations_research::sat::CpModelPresolver::TransformClausesToExactlyOne] #num_amos=96 #num_clauses=144 #num_checked=144 
  2.21e-02s  0.00e+00d  [operations_research::sat::CpModelPresolver::DetectEncodedComplexDomains] 
  9.63e-04s  0.00e+00d  [operations_research::sat::CpModelPresolver::FindAlmostIdenticalLinearConstraints] 
  3.34e-02s  2.39e-02d  [operations_research::sat::CpModelPresolver::FindBigAtMostOneAndLinearOverlap] 
  2.33e-03s  4.67e-04d  [operations_research::sat::CpModelPresolver::FindBigVerticalLinearOverlap] 
  5.68e-04s  2.25e-07d  [operations_research::sat::CpModelPresolver::FindBigHorizontalLinearOverlap] #linears=3 
  5.73e-04s  2.48e-06d  [operations_research::sat::CpModelPresolver::MergeClauses] 
  5.10e-03s  0.00e+00d  [DetectDominanceRelations] 
  8.49e-02s  0.00e+00d  [operations_research::sat::CpModelPresolver::PresolveToFixPoint] #num_loops=1 #num_dual_strengthening=1 
  4.94e-03s  0.00e+00d  [DetectDominanceRelations] 
  8.98e-02s  0.00e+00d  [operations_research::sat::CpModelPresolver::PresolveToFixPoint] #num_loops=1 #num_dual_strengthening=1 
[SAT presolve] num removable Booleans: 0 / 18'340
[SAT presolve] num trivial clauses: 0
[SAT presolve] [0s] clauses:160 literals:528 vars:160 one_side_vars:0 simple_definition:160 singleton_clauses:0
[SAT presolve] [6.58e-05s] clauses:160 literals:528 vars:160 one_side_vars:0 simple_definition:160 singleton_clauses:0
[SAT presolve] [0.0004397s] clauses:160 literals:528 vars:160 one_side_vars:0 simple_definition:160 singleton_clauses:0
  2.08e-03s  0.00e+00d  [operations_research::sat::CpModelPresolver::DetectDuplicateConstraintsWithDifferentEnforcements] 
  3.10e-01s  1.00e+00d *[operations_research::sat::CpModelPresolver::Probe] #probed=8'572 #new_binary_clauses=120'055 
  4.39e-03s  1.54e-02d  [MaxClique] 
  4.93e-03s  0.00e+00d  [DetectDominanceRelations] 
  9.94e-02s  0.00e+00d  [operations_research::sat::CpModelPresolver::PresolveToFixPoint] #num_loops=1 #num_dual_strengthening=1 
  2.24e-03s  0.00e+00d  [operations_research::sat::CpModelPresolver::ProcessAtMostOneAndLinear] 
  2.15e-03s  0.00e+00d  [operations_research::sat::CpModelPresolver::DetectDuplicateConstraints] 
  1.72e-03s  0.00e+00d  [operations_research::sat::CpModelPresolver::DetectDuplicateConstraintsWithDifferentEnforcements] 
  7.21e-04s  5.20e-07d  [operations_research::sat::CpModelPresolver::DetectDominatedLinearConstraints] #relevant_constraints=46 
  3.57e-04s  0.00e+00d  [operations_research::sat::CpModelPresolver::DetectDifferentVariables] 
  2.16e-03s  5.70e-05d  [operations_research::sat::CpModelPresolver::ProcessSetPPC] #relevant_constraints=660 #num_inclusions=16 
  2.20e-03s  8.06e-06d  [operations_research::sat::CpModelPresolver::TransformClausesToExactlyOne] #num_amos=96 #num_clauses=144 #num_checked=144 
  2.20e-02s  0.00e+00d  [operations_research::sat::CpModelPresolver::DetectEncodedComplexDomains] 
  1.01e-03s  0.00e+00d  [operations_research::sat::CpModelPresolver::FindAlmostIdenticalLinearConstraints] 
  2.99e-02s  2.39e-02d  [operations_research::sat::CpModelPresolver::FindBigAtMostOneAndLinearOverlap] 
  1.94e-03s  4.67e-04d  [operations_research::sat::CpModelPresolver::FindBigVerticalLinearOverlap] 
  3.95e-04s  2.25e-07d  [operations_research::sat::CpModelPresolver::FindBigHorizontalLinearOverlap] #linears=3 
  1.32e-03s  2.48e-06d  [operations_research::sat::CpModelPresolver::MergeClauses] 
  5.29e-03s  0.00e+00d  [DetectDominanceRelations] 
  9.55e-02s  0.00e+00d  [operations_research::sat::CpModelPresolver::PresolveToFixPoint] #num_loops=1 #num_dual_strengthening=1 
  4.85e-03s  0.00e+00d  [DetectDominanceRelations] 
  9.20e-02s  0.00e+00d  [operations_research::sat::CpModelPresolver::PresolveToFixPoint] #num_loops=1 #num_dual_strengthening=1 
[SAT presolve] num removable Booleans: 0 / 18'340
[SAT presolve] num trivial clauses: 0
[SAT presolve] [0s] clauses:160 literals:528 vars:160 one_side_vars:0 simple_definition:160 singleton_clauses:0
[SAT presolve] [7.92e-05s] clauses:160 literals:528 vars:160 one_side_vars:0 simple_definition:160 singleton_clauses:0
[SAT presolve] [0.0004734s] clauses:160 literals:528 vars:160 one_side_vars:0 simple_definition:160 singleton_clauses:0
  2.30e-03s  0.00e+00d  [operations_research::sat::CpModelPresolver::DetectDuplicateConstraintsWithDifferentEnforcements] 
  2.92e-01s  1.00e+00d *[operations_research::sat::CpModelPresolver::Probe] #probed=8'572 #new_binary_clauses=120'055 
  3.97e-03s  1.54e-02d  [MaxClique] 
  7.24e-03s  0.00e+00d  [DetectDominanceRelations] 
  9.14e-02s  0.00e+00d  [operations_research::sat::CpModelPresolver::PresolveToFixPoint] #num_loops=1 #num_dual_strengthening=1 
  3.60e-03s  0.00e+00d  [operations_research::sat::CpModelPresolver::ProcessAtMostOneAndLinear] 
  2.68e-03s  0.00e+00d  [operations_research::sat::CpModelPresolver::DetectDuplicateConstraints] 
  1.70e-03s  0.00e+00d  [operations_research::sat::CpModelPresolver::DetectDuplicateConstraintsWithDifferentEnforcements] 
  3.90e-04s  5.20e-07d  [operations_research::sat::CpModelPresolver::DetectDominatedLinearConstraints] #relevant_constraints=46 
  2.83e-04s  0.00e+00d  [operations_research::sat::CpModelPresolver::DetectDifferentVariables] 
  2.25e-03s  5.70e-05d  [operations_research::sat::CpModelPresolver::ProcessSetPPC] #relevant_constraints=660 #num_inclusions=16 
  2.26e-03s  8.06e-06d  [operations_research::sat::CpModelPresolver::TransformClausesToExactlyOne] #num_amos=96 #num_clauses=144 #num_checked=144 
  2.03e-02s  0.00e+00d  [operations_research::sat::CpModelPresolver::DetectEncodedComplexDomains] 
  8.10e-04s  0.00e+00d  [operations_research::sat::CpModelPresolver::FindAlmostIdenticalLinearConstraints] 
  3.18e-02s  2.39e-02d  [operations_research::sat::CpModelPresolver::FindBigAtMostOneAndLinearOverlap] 
  2.39e-03s  4.67e-04d  [operations_research::sat::CpModelPresolver::FindBigVerticalLinearOverlap] 
  4.42e-04s  2.25e-07d  [operations_research::sat::CpModelPresolver::FindBigHorizontalLinearOverlap] #linears=3 
  5.42e-04s  2.48e-06d  [operations_research::sat::CpModelPresolver::MergeClauses] 
  4.68e-03s  0.00e+00d  [DetectDominanceRelations] 
  1.07e-01s  0.00e+00d  [operations_research::sat::CpModelPresolver::PresolveToFixPoint] #num_loops=1 #num_dual_strengthening=1 
  2.52e-04s  0.00e+00d  [MergeNoOverlap] 
  1.75e-04s  0.00e+00d  [MergeNoOverlap2D] 
  1.48e-02s  0.00e+00d  [operations_research::sat::CpModelPresolver::ExpandObjective] #entries=900'998 #tight_variables=17'305 #tight_constraints=463 

Presolve summary:
  - 0 affine relations were detected.
  - rule 'TODO dual: only one blocking constraint?' was applied 27 times.
  - rule 'all_diff: expanded' was applied 4 times.
  - rule 'deductions: 36680 stored' was applied 1 time.
  - rule 'dual: make encoding equiv' was applied 7'680 times.
  - rule 'duplicate: merged rhs of linear constraint' was applied 3 times.
  - rule 'duplicate: removed constraint' was applied 3 times.
  - rule 'element: expanded value element' was applied 42 times.
  - rule 'element: reduce target domain' was applied 42 times.
  - rule 'linear: reduced variable domains' was applied 9 times.
  - rule 'linear: variable substitution 1' was applied 2 times.
  - rule 'new_bool: integer encoding' was applied 18'340 times.
  - rule 'presolve: 0 unused variables removed.' was applied 1 time.
  - rule 'presolve: iteration' was applied 3 times.
  - rule 'table: expanded positive constraint with two variables' was applied 4 times.
  - rule 'variables: add encoding constraint' was applied 18'340 times.

Presolved optimization model '': (model_fingerprint: 0x85b4c636b4df03e7)
#Variables: 18'484 (#ints: 3 in objective) (18'021 primary variables)
  - 18'340 Booleans in [0,1]
  - 42 in [0,9]
  - 56 in [0,19]
  - 3 in [0,63]
  - 1 in [0,125]
  - 42 in [0,399]
#kAtMostOne: 80 (#literals: 1'120)
#kBoolAnd: 16 (#enforced: 16) (#literals: 32)
#kBoolOr: 144 (#literals: 496)
#kExactlyOne: 420 (#literals: 17'220)
#kLinear1: 36'680 (#enforced: 36'680)
#kLinear2: 1
#kLinear3: 42
#kLinearN: 3 (#terms: 45)

Preloading model.
#Bound   2.10s best:inf   next:[0,189]    initial_domain
The solution hint is incomplete: 1176 out of 18484 non fixed variables hinted.

Starting search at 2.10s with 1 workers.
1 full problem subsolver: [main]

[Encoding] 280 literals associated to VAR >= value, and 0 half-associations.
[Encoding] 18340 literals associated to VAR == value, and 0 half-associations.
[Encoding] num_fully_encoded_variables:140
[Precedences] num_relations=0 num_clauses=18624
[Precedences] Added 1292 GreaterThanAtLeastOneOf() constraints.
[Probing] deterministic_time: 1.00024 (limit: 1) wall_time: 0.349847 (Aborted 4244/36260)
[Probing]  - new binary clause: 115'390
[EncodingLinearRelaxation] #tight_equality:0 #loose_equality:0 #inequality:140
[LinearRelaxationBeforeCliqueExpansion] #linear:326 #at_most_ones:500
[FinalLinearRelaxation] #linear:46 #cut_generators:0
Initial num_bool: 36260

Starting subsolver 'main' hint search at 2.79s
#1       2.80s best:3     next:[0,2]      main [hint]
Starting subsolver 'main' search at 2.80s
#2       3.91s best:2     next:[0,1]      main
#3       3.92s best:1     next:[0,0]      main
#4       3.92s best:0     next:[]         main
#Done    3.92s main

Task timing           n [     min,      max]      avg      dev     time         n [     min,      max]      avg      dev    dtime
      'main':         1 [   1.82s,    1.82s]    1.82s   0.00ns    1.82s         1 [   4.53s,    4.53s]    4.53s   0.00ns    4.53s

Search stats     Bools  Conflicts  Branches  Restarts  BacktrackToRoot  Backtrack  BoolPropag  IntegerPropag
       'main':  36'260         15    27'454         0           12'469     23'131  28'460'837        835'662

SAT formula     Fixed  Equiv   Total  VarLeft  BinaryClauses  PermanentClauses  TemporaryClauses
      'main':  16'676    174  36'260   19'410        144'392            16'361                10

SAT stats    ClassicMinim  LitRemoved  LitRemovedBinary  LitLearned  LitForgotten  Subsumed
    'main':            11          36               124         344             0         0

Vivification    Clauses  Decisions  LitTrue  Subsumed  LitRemoved  DecisionReused  Conflicts
       'main':    3'909      7'818        0         0           0               0          0

Clause deletion    at_true  l_and_not(l)  to_binary  sub_conflict  sub_extra  sub_decisions  sub_eager  sub_vivify  sub_probing  sub_inpro  blocked  eliminated  forgotten  promoted  conflicts
          'main':      210             0      2'058             0          0              0          0           0            0          0        0           0          0        10         15

Lp stats    Component  Iterations  AddedCuts  OPTIMAL  DUAL_F.  DUAL_U.
   'main':         17          23          0    1'280        0        0

Lp dimension    Final dimension of first component
       'main':        1 rows, 7 columns, 3 entries

Lp debug    CutPropag  CutEqPropag  Adjust  Overflow  Bad  BadScaling
   'main':          0            0       0         0    0           0

Lp pool    Constraints  Updates  Simplif  Merged  Shortened  Split  Strengthened  Cuts/Call
  'main':           46        0        0       0          0      1             0        0/0

Solutions (4)    Num   Rank
        'main':    8  [0,4]

Objective bounds     Num
  'initial_domain':    1

Solution repositories    Added  Queried  Synchro
    'alternative_path':      1        0        1
      'best_solutions':      7        0        4
   'fj solution hints':      0        0        0

LRAT_status: NA
CpSolverResponse summary:
status: OPTIMAL
objective: 0
best_bound: 0
integers: 145
booleans: 36260
conflicts: 15
branches: 27454
propagations: 28460837
integer_propagations: 835662
restarts: 0
lp_iterations: 23
walltime: 3.92851
usertime: 3.92851
deterministic_time: 7.64889
gap_integral: 0
solution_fingerprint: 0x4d4e8d29fc58016f

TAP status=OPTIMAL bound=0.0 obj=0.0 elapsed=3.9s
  slice swaps>=0 status=OPTIMAL obj=0.0
slice gaps[33,36) gates=4 incumbent_lb=1 budget=40s

Starting CP-SAT solver v9.15.6755
Parameters: max_time_in_seconds: 40 max_memory_in_mb: 4096 log_search_progress: true num_search_workers: 1 symmetry_level: 0 log_to_stdout: true

Initial optimization model '': (model_fingerprint: 0x2dbea9f79551b604)
#Variables: 146 (#ints: 3 in objective) (101 primary variables)
  - 56 in [0,19]
  - 42 in [0,20]
  - 6 in [0,280]
  - 42 in [0,399]
#kAllDiff: 4
#kElement: 42
#kLinear2: 6
#kLinear3: 42
#kLinearN: 3 (#terms: 45)
#kTable: 4

Starting presolve at 0.00s
The solution hint is incomplete: 56 out of 146 non fixed variables hinted.
  4.13e-05s  0.00e+00d  [DetectDominanceRelations] 
  7.85e-03s  0.00e+00d  [operations_research::sat::CpModelPresolver::PresolveToFixPoint] #num_loops=3 #num_dual_strengthening=1 
  3.60e-06s  0.00e+00d  [operations_research::sat::CpModelPresolver::ExtractEncodingFromLinear] 
[SAT presolve] num removable Booleans: 0 / 18'340
[SAT presolve] num trivial clauses: 0
[SAT presolve] [0s] clauses:160 literals:528 vars:160 one_side_vars:0 simple_definition:160 singleton_clauses:0
[SAT presolve] [0.0001037s] clauses:160 literals:528 vars:160 one_side_vars:0 simple_definition:160 singleton_clauses:0
[SAT presolve] [0.0006768s] clauses:160 literals:528 vars:160 one_side_vars:0 simple_definition:160 singleton_clauses:0
  2.10e-03s  0.00e+00d  [operations_research::sat::CpModelPresolver::DetectDuplicateConstraintsWithDifferentEnforcements] 
  3.01e-01s  1.00e+00d *[operations_research::sat::CpModelPresolver::Probe] #probed=9'292 #new_binary_clauses=109'060 
  3.27e-03s  1.33e-02d  [MaxClique] 
  4.29e-03s  0.00e+00d  [DetectDominanceRelations] 
  1.81e-01s  0.00e+00d  [operations_research::sat::CpModelPresolver::PresolveToFixPoint] #num_loops=2 #num_dual_strengthening=1 
  2.66e-03s  0.00e+00d  [operations_research::sat::CpModelPresolver::ProcessAtMostOneAndLinear] 
  1.91e-03s  0.00e+00d  [operations_research::sat::CpModelPresolver::DetectDuplicateConstraints] #duplicates=3 
  2.26e-03s  0.00e+00d  [operations_research::sat::CpModelPresolver::DetectDuplicateConstraintsWithDifferentEnforcements] 
  5.01e-04s  5.34e-07d  [operations_research::sat::CpModelPresolver::DetectDominatedLinearConstraints] #relevant_constraints=48 
  4.12e-04s  0.00e+00d  [operations_research::sat::CpModelPresolver::DetectDifferentVariables] 
  3.46e-03s  5.70e-05d  [operations_research::sat::CpModelPresolver::ProcessSetPPC] #relevant_constraints=660 #num_inclusions=16 
  3.24e-03s  8.06e-06d  [operations_research::sat::CpModelPresolver::TransformClausesToExactlyOne] #num_amos=96 #num_clauses=144 #num_checked=144 
  2.06e-02s  0.00e+00d  [operations_research::sat::CpModelPresolver::DetectEncodedComplexDomains] 
  6.68e-04s  0.00e+00d  [operations_research::sat::CpModelPresolver::FindAlmostIdenticalLinearConstraints] 
  2.95e-02s  2.39e-02d  [operations_research::sat::CpModelPresolver::FindBigAtMostOneAndLinearOverlap] 
  2.16e-03s  4.67e-04d  [operations_research::sat::CpModelPresolver::FindBigVerticalLinearOverlap] 
  4.45e-04s  2.25e-07d  [operations_research::sat::CpModelPresolver::FindBigHorizontalLinearOverlap] #linears=3 
  5.09e-04s  2.48e-06d  [operations_research::sat::CpModelPresolver::MergeClauses] 
  5.10e-03s  0.00e+00d  [DetectDominanceRelations] 
  1.01e-01s  0.00e+00d  [operations_research::sat::CpModelPresolver::PresolveToFixPoint] #num_loops=1 #num_dual_strengthening=1 
  5.34e-03s  0.00e+00d  [DetectDominanceRelations] 
  8.93e-02s  0.00e+00d  [operations_research::sat::CpModelPresolver::PresolveToFixPoint] #num_loops=1 #num_dual_strengthening=1 
[SAT presolve] num removable Booleans: 0 / 18'340
[SAT presolve] num trivial clauses: 0
[SAT presolve] [0s] clauses:160 literals:528 vars:160 one_side_vars:0 simple_definition:160 singleton_clauses:0
[SAT presolve] [9.54e-05s] clauses:160 literals:528 vars:160 one_side_vars:0 simple_definition:160 singleton_clauses:0
[SAT presolve] [0.0005022s] clauses:160 literals:528 vars:160 one_side_vars:0 simple_definition:160 singleton_clauses:0
  3.40e-03s  0.00e+00d  [operations_research::sat::CpModelPresolver::DetectDuplicateConstraintsWithDifferentEnforcements] 
  3.29e-01s  1.00e+00d *[operations_research::sat::CpModelPresolver::Probe] #probed=9'304 #new_binary_clauses=110'338 
  5.77e-03s  1.33e-02d  [MaxClique] 
  4.51e-03s  0.00e+00d  [DetectDominanceRelations] 
  9.11e-02s  0.00e+00d  [operations_research::sat::CpModelPresolver::PresolveToFixPoint] #num_loops=1 #num_dual_strengthening=1 
  2.25e-03s  0.00e+00d  [operations_research::sat::CpModelPresolver::ProcessAtMostOneAndLinear] 
  2.02e-03s  0.00e+00d  [operations_research::sat::CpModelPresolver::DetectDuplicateConstraints] 
  1.45e-03s  0.00e+00d  [operations_research::sat::CpModelPresolver::DetectDuplicateConstraintsWithDifferentEnforcements] 
  4.53e-04s  5.13e-07d  [operations_research::sat::CpModelPresolver::DetectDominatedLinearConstraints] #relevant_constraints=45 
  6.20e-04s  0.00e+00d  [operations_research::sat::CpModelPresolver::DetectDifferentVariables] 
  2.11e-03s  5.70e-05d  [operations_research::sat::CpModelPresolver::ProcessSetPPC] #relevant_constraints=660 #num_inclusions=16 
  2.00e-03s  8.06e-06d  [operations_research::sat::CpModelPresolver::TransformClausesToExactlyOne] #num_amos=96 #num_clauses=144 #num_checked=144 
  1.99e-02s  0.00e+00d  [operations_research::sat::CpModelPresolver::DetectEncodedComplexDomains] 
  1.18e-03s  0.00e+00d  [operations_research::sat::CpModelPresolver::FindAlmostIdenticalLinearConstraints] 
  3.43e-02s  2.39e-02d  [operations_research::sat::CpModelPresolver::FindBigAtMostOneAndLinearOverlap] 
  2.35e-03s  4.67e-04d  [operations_research::sat::CpModelPresolver::FindBigVerticalLinearOverlap] 
  4.12e-04s  2.25e-07d  [operations_research::sat::CpModelPresolver::FindBigHorizontalLinearOverlap] #linears=3 
  5.70e-04s  2.48e-06d  [operations_research::sat::CpModelPresolver::MergeClauses] 
  5.83e-03s  0.00e+00d  [DetectDominanceRelations] 
  1.15e-01s  0.00e+00d  [operations_research::sat::CpModelPresolver::PresolveToFixPoint] #num_loops=1 #num_dual_strengthening=1 
  8.47e-03s  0.00e+00d  [DetectDominanceRelations] 
  1.26e-01s  0.00e+00d  [operations_research::sat::CpModelPresolver::PresolveToFixPoint] #num_loops=1 #num_dual_strengthening=1 
[SAT presolve] num removable Booleans: 0 / 18'340
[SAT presolve] num trivial clauses: 0
[SAT presolve] [0s] clauses:160 literals:528 vars:160 one_side_vars:0 simple_definition:160 singleton_clauses:0
[SAT presolve] [7.83e-05s] clauses:160 literals:528 vars:160 one_side_vars:0 simple_definition:160 singleton_clauses:0
[SAT presolve] [0.0004809s] clauses:160 literals:528 vars:160 one_side_vars:0 simple_definition:160 singleton_clauses:0
  2.61e-03s  0.00e+00d  [operations_research::sat::CpModelPresolver::DetectDuplicateConstraintsWithDifferentEnforcements] 
  3.21e-01s  1.00e+00d *[operations_research::sat::CpModelPresolver::Probe] #probed=9'304 #new_binary_clauses=110'338 
  3.74e-03s  1.33e-02d  [MaxClique] 
  7.84e-03s  0.00e+00d  [DetectDominanceRelations] 
  1.06e-01s  0.00e+00d  [operations_research::sat::CpModelPresolver::PresolveToFixPoint] #num_loops=1 #num_dual_strengthening=1 
  3.48e-03s  0.00e+00d  [operations_research::sat::CpModelPresolver::ProcessAtMostOneAndLinear] 
  2.55e-03s  0.00e+00d  [operations_research::sat::CpModelPresolver::DetectDuplicateConstraints] 
  2.68e-03s  0.00e+00d  [operations_research::sat::CpModelPresolver::DetectDuplicateConstraintsWithDifferentEnforcements] 
  9.59e-04s  5.13e-07d  [operations_research::sat::CpModelPresolver::DetectDominatedLinearConstraints] #relevant_constraints=45 
  6.69e-04s  0.00e+00d  [operations_research::sat::CpModelPresolver::DetectDifferentVariables] 
  2.26e-03s  5.70e-05d  [operations_research::sat::CpModelPresolver::ProcessSetPPC] #relevant_constraints=660 #num_inclusions=16 
  1.94e-03s  8.06e-06d  [operations_research::sat::CpModelPresolver::TransformClausesToExactlyOne] #num_amos=96 #num_clauses=144 #num_checked=144 
  2.37e-02s  0.00e+00d  [operations_research::sat::CpModelPresolver::DetectEncodedComplexDomains] 
  1.11e-03s  0.00e+00d  [operations_research::sat::CpModelPresolver::FindAlmostIdenticalLinearConstraints] 
  4.52e-02s  2.39e-02d  [operations_research::sat::CpModelPresolver::FindBigAtMostOneAndLinearOverlap] 
  2.63e-03s  4.67e-04d  [operations_research::sat::CpModelPresolver::FindBigVerticalLinearOverlap] 
  9.99e-04s  2.25e-07d  [operations_research::sat::CpModelPresolver::FindBigHorizontalLinearOverlap] #linears=3 
  1.11e-03s  2.48e-06d  [operations_research::sat::CpModelPresolver::MergeClauses] 
  8.64e-03s  0.00e+00d  [DetectDominanceRelations] 
  1.38e-01s  0.00e+00d  [operations_research::sat::CpModelPresolver::PresolveToFixPoint] #num_loops=1 #num_dual_strengthening=1 
  3.75e-04s  0.00e+00d  [MergeNoOverlap] 
  5.76e-04s  0.00e+00d  [MergeNoOverlap2D] 
  2.88e-02s  0.00e+00d  [operations_research::sat::CpModelPresolver::ExpandObjective] #entries=900'984 #tight_variables=17'304 #tight_constraints=462 

Presolve summary:
  - 0 affine relations were detected.
  - rule 'TODO dual: only one blocking constraint?' was applied 27 times.
  - rule 'all_diff: expanded' was applied 4 times.
  - rule 'deductions: 36680 stored' was applied 1 time.
  - rule 'dual: make encoding equiv' was applied 7'680 times.
  - rule 'duplicate: merged rhs of linear constraint' was applied 3 times.
  - rule 'duplicate: removed constraint' was applied 3 times.
  - rule 'element: expanded value element' was applied 42 times.
  - rule 'element: reduce target domain' was applied 42 times.
  - rule 'linear: reduced variable domains' was applied 9 times.
  - rule 'linear: variable substitution 1' was applied 3 times.
  - rule 'new_bool: integer encoding' was applied 18'340 times.
  - rule 'presolve: 0 unused variables removed.' was applied 1 time.
  - rule 'presolve: iteration' was applied 3 times.
  - rule 'table: expanded positive constraint with two variables' was applied 4 times.
  - rule 'variables: add encoding constraint' was applied 18'340 times.

Presolved optimization model '': (model_fingerprint: 0x391b136fa7c59135)
#Variables: 18'483 (#ints: 3 in objective) (18'021 primary variables)
  - 18'340 Booleans in [0,1]
  - 42 in [0,9]
  - 56 in [0,19]
  - 3 in [0,63]
  - 42 in [0,399]
#kAtMostOne: 80 (#literals: 1'120)
#kBoolAnd: 16 (#enforced: 16) (#literals: 32)
#kBoolOr: 144 (#literals: 496)
#kExactlyOne: 420 (#literals: 17'220)
#kLinear1: 36'680 (#enforced: 36'680)
#kLinear3: 42
#kLinearN: 3 (#terms: 45)

Preloading model.
#Bound   2.30s best:inf   next:[0,189]    initial_domain
The solution hint is incomplete: 1176 out of 18483 non fixed variables hinted.

Starting search at 2.30s with 1 workers.
1 full problem subsolver: [main]

[Encoding] 280 literals associated to VAR >= value, and 0 half-associations.
[Encoding] 18340 literals associated to VAR == value, and 0 half-associations.
[Encoding] num_fully_encoded_variables:140
[Precedences] num_relations=0 num_clauses=18624
[Precedences] Added 1292 GreaterThanAtLeastOneOf() constraints.
[Probing] deterministic_time: 1.00001 (limit: 1) wall_time: 0.405948 (Aborted 4614/36260)
[Probing]  - new binary clause: 107'482
[EncodingLinearRelaxation] #tight_equality:0 #loose_equality:0 #inequality:140
[LinearRelaxationBeforeCliqueExpansion] #linear:325 #at_most_ones:500
[FinalLinearRelaxation] #linear:45 #cut_generators:0
Initial num_bool: 36260

Starting subsolver 'main' hint search at 3.14s
#1       3.14s best:1     next:[0,0]      main [hint]
Starting subsolver 'main' search at 3.14s
#2       4.31s best:0     next:[]         main
#Done    4.31s main

Task timing           n [     min,      max]      avg      dev     time         n [     min,      max]      avg      dev    dtime
      'main':         1 [   2.01s,    2.01s]    2.01s   0.00ns    2.01s         1 [   4.50s,    4.50s]    4.50s   0.00ns    4.50s

Search stats     Bools  Conflicts  Branches  Restarts  BacktrackToRoot  Backtrack  BoolPropag  IntegerPropag
       'main':  36'260        155    33'112         2           13'894     27'079  29'281'070        690'779

SAT formula     Fixed  Equiv   Total  VarLeft  BinaryClauses  PermanentClauses  TemporaryClauses
      'main':  16'675    234  36'260   19'351        160'552            18'229               129

SAT stats    ClassicMinim  LitRemoved  LitRemovedBinary  LitLearned  LitForgotten  Subsumed
    'main':           105       2'392             2'416      10'858             0         1

Vivification    Clauses  Decisions  LitTrue  Subsumed  LitRemoved  DecisionReused  Conflicts
       'main':    4'550      9'100        0         0           0               0          0

Clause deletion    at_true  l_and_not(l)  to_binary  sub_conflict  sub_extra  sub_decisions  sub_eager  sub_vivify  sub_probing  sub_inpro  blocked  eliminated  forgotten  promoted  conflicts
          'main':       42             0        378             1          0              0          0           0            0          0        0           0          0       219        155

Lp stats    Component  Iterations  AddedCuts  OPTIMAL  DUAL_F.  DUAL_U.
   'main':         17         183          0    2'884        0        0

Lp dimension    Final dimension of first component
       'main':        3 rows, 7 columns, 9 entries

Lp debug    CutPropag  CutEqPropag  Adjust  Overflow  Bad  BadScaling
   'main':          0            0       0         0    0           0

Lp pool    Constraints  Updates  Simplif  Merged  Shortened  Split  Strengthened  Cuts/Call
  'main':           45        0        0       0          0      1             0        0/0

Solutions (2)    Num   Rank
        'main':    4  [0,2]

Objective bounds     Num
  'initial_domain':    1

Solution repositories    Added  Queried  Synchro
    'alternative_path':      1        0        1
      'best_solutions':     12        0        2
   'fj solution hints':      0        0        0

LRAT_status: NA
CpSolverResponse summary:
status: OPTIMAL
objective: 0
best_bound: 0
integers: 144
booleans: 36260
conflicts: 155
branches: 33112
propagations: 29281070
integer_propagations: 690779
restarts: 2
lp_iterations: 183
walltime: 4.31714
usertime: 4.31715
deterministic_time: 7.61025
gap_integral: 0
solution_fingerprint: 0xf35efbd06c172b09

TAP status=OPTIMAL bound=0.0 obj=0.0 elapsed=4.3s
  slice swaps>=0 status=OPTIMAL obj=0.0
slice gaps[36,39) gates=4 incumbent_lb=2 budget=40s

Starting CP-SAT solver v9.15.6755
Parameters: max_time_in_seconds: 40 max_memory_in_mb: 4096 log_search_progress: true num_search_workers: 1 symmetry_level: 0 log_to_stdout: true

Initial optimization model '': (model_fingerprint: 0x98d1dd77dac899d8)
#Variables: 146 (#ints: 3 in objective) (101 primary variables)
  - 56 in [0,19]
  - 42 in [0,20]
  - 6 in [0,280]
  - 42 in [0,399]
#kAllDiff: 4
#kElement: 42
#kLinear2: 6
#kLinear3: 42
#kLinearN: 3 (#terms: 45)
#kTable: 4

Starting presolve at 0.00s
The solution hint is incomplete: 56 out of 146 non fixed variables hinted.
  3.77e-05s  0.00e+00d  [DetectDominanceRelations] 
  7.35e-03s  0.00e+00d  [operations_research::sat::CpModelPresolver::PresolveToFixPoint] #num_loops=3 #num_dual_strengthening=1 
  3.40e-06s  0.00e+00d  [operations_research::sat::CpModelPresolver::ExtractEncodingFromLinear] 
[SAT presolve] num removable Booleans: 0 / 18'340
[SAT presolve] num trivial clauses: 0
[SAT presolve] [0s] clauses:160 literals:528 vars:160 one_side_vars:0 simple_definition:160 singleton_clauses:0
[SAT presolve] [7.78e-05s] clauses:160 literals:528 vars:160 one_side_vars:0 simple_definition:160 singleton_clauses:0
[SAT presolve] [0.0004872s] clauses:160 literals:528 vars:160 one_side_vars:0 simple_definition:160 singleton_clauses:0
  3.17e-03s  0.00e+00d  [operations_research::sat::CpModelPresolver::DetectDuplicateConstraintsWithDifferentEnforcements] 
  3.52e-01s  1.00e+00d *[operations_research::sat::CpModelPresolver::Probe] #probed=9'008 #new_binary_clauses=109'591 
  3.71e-03s  1.44e-02d  [MaxClique] 
  4.50e-03s  0.00e+00d  [DetectDominanceRelations] 
  1.86e-01s  0.00e+00d  [operations_research::sat::CpModelPresolver::PresolveToFixPoint] #num_loops=2 #num_dual_strengthening=1 
  2.25e-03s  0.00e+00d  [operations_research::sat::CpModelPresolver::ProcessAtMostOneAndLinear] 
  1.70e-03s  0.00e+00d  [operations_research::sat::CpModelPresolver::DetectDuplicateConstraints] #duplicates=3 
  1.85e-03s  0.00e+00d  [operations_research::sat::CpModelPresolver::DetectDuplicateConstraintsWithDifferentEnforcements] 
  6.37e-04s  5.34e-07d  [operations_research::sat::CpModelPresolver::DetectDominatedLinearConstraints] #relevant_constraints=48 
  4.66e-04s  0.00e+00d  [operations_research::sat::CpModelPresolver::DetectDifferentVariables] 
  1.84e-03s  5.70e-05d  [operations_research::sat::CpModelPresolver::ProcessSetPPC] #relevant_constraints=660 #num_inclusions=16 
  1.73e-03s  8.06e-06d  [operations_research::sat::CpModelPresolver::TransformClausesToExactlyOne] #num_amos=96 #num_clauses=144 #num_checked=144 
  2.01e-02s  0.00e+00d  [operations_research::sat::CpModelPresolver::DetectEncodedComplexDomains] 
  1.41e-03s  0.00e+00d  [operations_research::sat::CpModelPresolver::FindAlmostIdenticalLinearConstraints] 
  3.03e-02s  2.39e-02d  [operations_research::sat::CpModelPresolver::FindBigAtMostOneAndLinearOverlap] 
  1.95e-03s  4.67e-04d  [operations_research::sat::CpModelPresolver::FindBigVerticalLinearOverlap] 
  3.60e-04s  2.25e-07d  [operations_research::sat::CpModelPresolver::FindBigHorizontalLinearOverlap] #linears=3 
  5.18e-04s  2.48e-06d  [operations_research::sat::CpModelPresolver::MergeClauses] 
  4.93e-03s  0.00e+00d  [DetectDominanceRelations] 
  8.90e-02s  0.00e+00d  [operations_research::sat::CpModelPresolver::PresolveToFixPoint] #num_loops=1 #num_dual_strengthening=1 
  5.29e-03s  0.00e+00d  [DetectDominanceRelations] 
  9.02e-02s  0.00e+00d  [operations_research::sat::CpModelPresolver::PresolveToFixPoint] #num_loops=1 #num_dual_strengthening=1 
[SAT presolve] num removable Booleans: 0 / 18'340
[SAT presolve] num trivial clauses: 0
[SAT presolve] [0s] clauses:160 literals:528 vars:160 one_side_vars:0 simple_definition:160 singleton_clauses:0
[SAT presolve] [6.78e-05s] clauses:160 literals:528 vars:160 one_side_vars:0 simple_definition:160 singleton_clauses:0
[SAT presolve] [0.0004394s] clauses:160 literals:528 vars:160 one_side_vars:0 simple_definition:160 singleton_clauses:0
  2.87e-03s  0.00e+00d  [operations_research::sat::CpModelPresolver::DetectDuplicateConstraintsWithDifferentEnforcements] 
  3.09e-01s  1.00e+00d *[operations_research::sat::CpModelPresolver::Probe] #probed=9'022 #new_binary_clauses=109'684 
  5.48e-03s  1.44e-02d  [MaxClique] 
  5.26e-03s  0.00e+00d  [DetectDominanceRelations] 
  1.15e-01s  0.00e+00d  [operations_research::sat::CpModelPresolver::PresolveToFixPoint] #num_loops=1 #num_dual_strengthening=1 
  2.65e-03s  0.00e+00d  [operations_research::sat::CpModelPresolver::ProcessAtMostOneAndLinear] 
  2.71e-03s  0.00e+00d  [operations_research::sat::CpModelPresolver::DetectDuplicateConstraints] 
  2.33e-03s  0.00e+00d  [operations_research::sat::CpModelPresolver::DetectDuplicateConstraintsWithDifferentEnforcements] 
  7.30e-04s  5.13e-07d  [operations_research::sat::CpModelPresolver::DetectDominatedLinearConstraints] #relevant_constraints=45 
  3.32e-04s  0.00e+00d  [operations_research::sat::CpModelPresolver::DetectDifferentVariables] 
  1.91e-03s  5.70e-05d  [operations_research::sat::CpModelPresolver::ProcessSetPPC] #relevant_constraints=660 #num_inclusions=16 
  1.75e-03s  8.06e-06d  [operations_research::sat::CpModelPresolver::TransformClausesToExactlyOne] #num_amos=96 #num_clauses=144 #num_checked=144 
  2.03e-02s  0.00e+00d  [operations_research::sat::CpModelPresolver::DetectEncodedComplexDomains] 
  6.66e-04s  0.00e+00d  [operations_research::sat::CpModelPresolver::FindAlmostIdenticalLinearConstraints] 
  2.94e-02s  2.39e-02d  [operations_research::sat::CpModelPresolver::FindBigAtMostOneAndLinearOverlap] 
  2.45e-03s  4.67e-04d  [operations_research::sat::CpModelPresolver::FindBigVerticalLinearOverlap] 
  6.05e-04s  2.25e-07d  [operations_research::sat::CpModelPresolver::FindBigHorizontalLinearOverlap] #linears=3 
  7.01e-04s  2.48e-06d  [operations_research::sat::CpModelPresolver::MergeClauses] 
  4.42e-03s  0.00e+00d  [DetectDominanceRelations] 
  9.57e-02s  0.00e+00d  [operations_research::sat::CpModelPresolver::PresolveToFixPoint] #num_loops=1 #num_dual_strengthening=1 
  4.83e-03s  0.00e+00d  [DetectDominanceRelations] 
  1.04e-01s  0.00e+00d  [operations_research::sat::CpModelPresolver::PresolveToFixPoint] #num_loops=1 #num_dual_strengthening=1 
[SAT presolve] num removable Booleans: 0 / 18'340
[SAT presolve] num trivial clauses: 0
[SAT presolve] [0s] clauses:160 literals:528 vars:160 one_side_vars:0 simple_definition:160 singleton_clauses:0
[SAT presolve] [7.53e-05s] clauses:160 literals:528 vars:160 one_side_vars:0 simple_definition:160 singleton_clauses:0
[SAT presolve] [0.0004555s] clauses:160 literals:528 vars:160 one_side_vars:0 simple_definition:160 singleton_clauses:0
  2.64e-03s  0.00e+00d  [operations_research::sat::CpModelPresolver::DetectDuplicateConstraintsWithDifferentEnforcements] 
  3.02e-01s  1.00e+00d *[operations_research::sat::CpModelPresolver::Probe] #probed=9'022 #new_binary_clauses=109'684 
  3.98e-03s  1.44e-02d  [MaxClique] 
  7.00e-03s  0.00e+00d  [DetectDominanceRelations] 
  1.13e-01s  0.00e+00d  [operations_research::sat::CpModelPresolver::PresolveToFixPoint] #num_loops=1 #num_dual_strengthening=1 
  2.10e-03s  0.00e+00d  [operations_research::sat::CpModelPresolver::ProcessAtMostOneAndLinear] 
  3.16e-03s  0.00e+00d  [operations_research::sat::CpModelPresolver::DetectDuplicateConstraints] 
  2.74e-03s  0.00e+00d  [operations_research::sat::CpModelPresolver::DetectDuplicateConstraintsWithDifferentEnforcements] 
  6.73e-04s  5.13e-07d  [operations_research::sat::CpModelPresolver::DetectDominatedLinearConstraints] #relevant_constraints=45 
  3.97e-04s  0.00e+00d  [operations_research::sat::CpModelPresolver::DetectDifferentVariables] 
  3.08e-03s  5.70e-05d  [operations_research::sat::CpModelPresolver::ProcessSetPPC] #relevant_constraints=660 #num_inclusions=16 
  2.43e-03s  8.06e-06d  [operations_research::sat::CpModelPresolver::TransformClausesToExactlyOne] #num_amos=96 #num_clauses=144 #num_checked=144 
  2.33e-02s  0.00e+00d  [operations_research::sat::CpModelPresolver::DetectEncodedComplexDomains] 
  7.22e-04s  0.00e+00d  [operations_research::sat::CpModelPresolver::FindAlmostIdenticalLinearConstraints] 
  3.13e-02s  2.39e-02d  [operations_research::sat::CpModelPresolver::FindBigAtMostOneAndLinearOverlap] 
  2.14e-03s  4.67e-04d  [operations_research::sat::CpModelPresolver::FindBigVerticalLinearOverlap] 
  5.04e-04s  2.25e-07d  [operations_research::sat::CpModelPresolver::FindBigHorizontalLinearOverlap] #linears=3 
  5.98e-04s  2.48e-06d  [operations_research::sat::CpModelPresolver::MergeClauses] 
  5.57e-03s  0.00e+00d  [DetectDominanceRelations] 
  9.20e-02s  0.00e+00d  [operations_research::sat::CpModelPresolver::PresolveToFixPoint] #num_loops=1 #num_dual_strengthening=1 
  2.93e-04s  0.00e+00d  [MergeNoOverlap] 
  4.36e-04s  0.00e+00d  [MergeNoOverlap2D] 
  1.90e-02s  0.00e+00d  [operations_research::sat::CpModelPresolver::ExpandObjective] #entries=900'984 #tight_variables=17'304 #tight_constraints=462 

Presolve summary:
  - 0 affine relations were detected.
  - rule 'TODO dual: only one blocking constraint?' was applied 27 times.
  - rule 'all_diff: expanded' was applied 4 times.
  - rule 'deductions: 36680 stored' was applied 1 time.
  - rule 'dual: make encoding equiv' was applied 7'680 times.
  - rule 'duplicate: merged rhs of linear constraint' was applied 3 times.
  - rule 'duplicate: removed constraint' was applied 3 times.
  - rule 'element: expanded value element' was applied 42 times.
  - rule 'element: reduce target domain' was applied 42 times.
  - rule 'linear: reduced variable domains' was applied 9 times.
  - rule 'linear: variable substitution 1' was applied 3 times.
  - rule 'new_bool: integer encoding' was applied 18'340 times.
  - rule 'presolve: 0 unused variables removed.' was applied 1 time.
  - rule 'presolve: iteration' was applied 3 times.
  - rule 'table: expanded positive constraint with two variables' was applied 4 times.
  - rule 'variables: add encoding constraint' was applied 18'340 times.

Presolved optimization model '': (model_fingerprint: 0xfb42b7aea966441f)
#Variables: 18'483 (#ints: 3 in objective) (18'021 primary variables)
  - 18'340 Booleans in [0,1]
  - 42 in [0,9]
  - 56 in [0,19]
  - 3 in [0,63]
  - 42 in [0,399]
#kAtMostOne: 80 (#literals: 1'120)
#kBoolAnd: 16 (#enforced: 16) (#literals: 32)
#kBoolOr: 144 (#literals: 496)
#kExactlyOne: 420 (#literals: 17'220)
#kLinear1: 36'680 (#enforced: 36'680)
#kLinear3: 42
#kLinearN: 3 (#terms: 45)

Preloading model.
#Bound   2.19s best:inf   next:[0,189]    initial_domain
The solution hint is incomplete: 1176 out of 18483 non fixed variables hinted.

Starting search at 2.19s with 1 workers.
1 full problem subsolver: [main]

[Encoding] 280 literals associated to VAR >= value, and 0 half-associations.
[Encoding] 18340 literals associated to VAR == value, and 0 half-associations.
[Encoding] num_fully_encoded_variables:140
[Precedences] num_relations=0 num_clauses=18624
[Precedences] Added 1292 GreaterThanAtLeastOneOf() constraints.
[Probing] deterministic_time: 1.00004 (limit: 1) wall_time: 0.362378 (Aborted 4470/36260)
[Probing]  - new binary clause: 109'177
[EncodingLinearRelaxation] #tight_equality:0 #loose_equality:0 #inequality:140
[LinearRelaxationBeforeCliqueExpansion] #linear:325 #at_most_ones:500
[FinalLinearRelaxation] #linear:45 #cut_generators:0
Initial num_bool: 36260

Starting subsolver 'main' hint search at 2.95s
#1       2.96s best:2     next:[0,1]      main [hint]
Starting subsolver 'main' search at 2.96s
#2       4.06s best:1     next:[0,0]      main
#3       4.06s best:0     next:[]         main
#Done    4.07s main

Task timing           n [     min,      max]      avg      dev     time         n [     min,      max]      avg      dev    dtime
      'main':         1 [   1.87s,    1.87s]    1.87s   0.00ns    1.87s         1 [   4.48s,    4.48s]    4.48s   0.00ns    4.48s

Search stats     Bools  Conflicts  Branches  Restarts  BacktrackToRoot  Backtrack  BoolPropag  IntegerPropag
       'main':  36'260         64    32'254         1           13'551     26'441  28'903'594        607'115

SAT formula     Fixed  Equiv   Total  VarLeft  BinaryClauses  PermanentClauses  TemporaryClauses
      'main':  16'674    230  36'260   19'356        167'240            18'230                38

SAT stats    ClassicMinim  LitRemoved  LitRemovedBinary  LitLearned  LitForgotten  Subsumed
    'main':            35         806               447       2'631             0         0

Vivification    Clauses  Decisions  LitTrue  Subsumed  LitRemoved  DecisionReused  Conflicts
       'main':    4'513      9'026        0         0           0               0          0

Clause deletion    at_true  l_and_not(l)  to_binary  sub_conflict  sub_extra  sub_decisions  sub_eager  sub_vivify  sub_probing  sub_inpro  blocked  eliminated  forgotten  promoted  conflicts
          'main':       42             0        378             0          0              0          0           0            0          0        0           0          0        47         64

Lp stats    Component  Iterations  AddedCuts  OPTIMAL  DUAL_F.  DUAL_U.
   'main':         17         153          0    2'844        0        0

Lp dimension    Final dimension of first component
       'main':        3 rows, 7 columns, 9 entries

Lp debug    CutPropag  CutEqPropag  Adjust  Overflow  Bad  BadScaling
   'main':          0            0       0         0    0           0

Lp pool    Constraints  Updates  Simplif  Merged  Shortened  Split  Strengthened  Cuts/Call
  'main':           45        0        0       0          0      1             0        0/0

Solutions (3)    Num   Rank
        'main':    6  [0,3]

Objective bounds     Num
  'initial_domain':    1

Solution repositories    Added  Queried  Synchro
    'alternative_path':      1        0        1
      'best_solutions':     14        0        3
   'fj solution hints':      0        0        0

LRAT_status: NA
CpSolverResponse summary:
status: OPTIMAL
objective: 0
best_bound: 0
integers: 144
booleans: 36260
conflicts: 64
branches: 32254
propagations: 28903594
integer_propagations: 607115
restarts: 1
lp_iterations: 153
walltime: 4.07081
usertime: 4.07081
deterministic_time: 7.59361
gap_integral: 0
solution_fingerprint: 0xf0f7572abb928ce3

TAP status=OPTIMAL bound=0.0 obj=0.0 elapsed=4.1s
  slice swaps>=0 status=OPTIMAL obj=0.0
sliced TAP swaps >= 0 over 13 slices
wrote slice record, swaps >= 0
